base_metabolite,frequency,models_present,always_metanetx,sometimes_metanetx,standardization_rate
MNXM1,28,,TRUE,TRUE,1
MNXM9,28,,TRUE,TRUE,1
MNXM95,28,,TRUE,TRUE,1
MNXM13,27,,TRUE,TRUE,1
MNXM27,27,,TRUE,TRUE,1
MNXM58,27,,TRUE,TRUE,1
MNXM653,26,,TRUE,TRUE,1
MNXM729302,26,,TRUE,TRUE,1
MNXM128,24,,TRUE,TRUE,1
MNXM90960,24,,TRUE,TRUE,1
MNXM2255,23,,TRUE,TRUE,1
MNXM114,22,,TRUE,TRUE,1
MNXM117,22,,TRUE,TRUE,1
MNXM199,21,,TRUE,TRUE,1
MNXM732398,21,,TRUE,TRUE,1
MNXM89612,21,,TRUE,TRUE,1
MNXM39,20,,TRUE,TRUE,1
MNXM730135,20,,TRUE,TRUE,1
MNXM735978,20,,TRUE,TRUE,1
MNXM124,19,,TRUE,TRUE,1
MNXM23,19,,TRUE,TRUE,1
MNXM26,19,,TRUE,TRUE,1
MNXM29,19,,TRUE,TRUE,1
MNXM107,18,,TRUE,TRUE,1
MNXM37,18,,TRUE,TRUE,1
MNXM761,18,,TRUE,TRUE,1
MNXM25,17,,TRUE,TRUE,1
MNXM118,16,,TRUE,TRUE,1
MNXM1372038,16,,TRUE,TRUE,1
MNXM174,16,,TRUE,TRUE,1
MNXM304,16,,TRUE,TRUE,1
MNXM732487,16,,TRUE,TRUE,1
MNXM76,16,,TRUE,TRUE,1
MNXM90,16,,TRUE,TRUE,1
MNXM1369194,15,,TRUE,TRUE,1
MNXM142,15,,TRUE,TRUE,1
MNXM274,15,,TRUE,TRUE,1
MNXM282,15,,TRUE,TRUE,1
MNXM289,15,,TRUE,TRUE,1
MNXM733114,15,,TRUE,TRUE,1
MNXM738834,15,,TRUE,TRUE,1
WATER,15,,FALSE,FALSE,0
MNXM1104802,14,,TRUE,TRUE,1
MNXM1369648,14,,TRUE,TRUE,1
MNXM1106760,13,,TRUE,TRUE,1
MNXM1372251,13,,TRUE,TRUE,1
MNXM192,13,,TRUE,TRUE,1
MNXM218,13,,TRUE,TRUE,1
MNXM341,13,,TRUE,TRUE,1
MNXM726090,13,,TRUE,TRUE,1
MNXM108,12,,TRUE,TRUE,1
MNXM134,12,,TRUE,TRUE,1
MNXM168,12,,TRUE,TRUE,1
MNXM179,12,,TRUE,TRUE,1
MNXM182,12,,TRUE,TRUE,1
MNXM2,12,,TRUE,TRUE,1
MNXM231,12,,TRUE,TRUE,1
MNXM236,12,,TRUE,TRUE,1
MNXM270,12,,TRUE,TRUE,1
MNXM420,12,,TRUE,TRUE,1
MNXM458,12,,TRUE,TRUE,1
MNXM632,12,,TRUE,TRUE,1
MNXM726710,12,,TRUE,TRUE,1
MNXM731166,12,,TRUE,TRUE,1
MNXM732914,12,,TRUE,TRUE,1
MNXM733717,12,,TRUE,TRUE,1
MNXM735438,12,,TRUE,TRUE,1
MNXM735623,12,,TRUE,TRUE,1
MNXM735837,12,,TRUE,TRUE,1
MNXM736685,12,,TRUE,TRUE,1
MNXM737786,12,,TRUE,TRUE,1
MNXM741174,12,,TRUE,TRUE,1
MNXM1372039,11,,TRUE,TRUE,1
MNXM147,11,,TRUE,TRUE,1
MNXM165,11,,TRUE,TRUE,1
MNXM212,11,,TRUE,TRUE,1
MNXM683,11,,TRUE,TRUE,1
MNXM726339,11,,TRUE,TRUE,1
MNXM729799,11,,TRUE,TRUE,1
MNXM738067,11,,TRUE,TRUE,1
MNXM738803,11,,TRUE,TRUE,1
MNXM739526,11,,TRUE,TRUE,1
MNXM98,11,,TRUE,TRUE,1
MNXM156,10,,TRUE,TRUE,1
MNXM1562,10,,TRUE,TRUE,1
MNXM285,10,,TRUE,TRUE,1
MNXM288,10,,TRUE,TRUE,1
MNXM334,10,,TRUE,TRUE,1
MNXM492,10,,TRUE,TRUE,1
MNXM729214,10,,TRUE,TRUE,1
MNXM733186,10,,TRUE,TRUE,1
MNXM735437,10,,TRUE,TRUE,1
MNXM741172,10,,TRUE,TRUE,1
MNXM94,10,,TRUE,TRUE,1
MNXM11,9,,TRUE,TRUE,1
MNXM1369759,9,,TRUE,TRUE,1
MNXM1485,9,,TRUE,TRUE,1
MNXM1630,9,,TRUE,TRUE,1
MNXM175,9,,TRUE,TRUE,1
MNXM196,9,,TRUE,TRUE,1
MNXM338,9,,TRUE,TRUE,1
MNXM355,9,,TRUE,TRUE,1
MNXM617,9,,TRUE,TRUE,1
MNXM625,9,,TRUE,TRUE,1
MNXM694,9,,TRUE,TRUE,1
MNXM704,9,,TRUE,TRUE,1
MNXM728337,9,,TRUE,TRUE,1
MNXM733981,9,,TRUE,TRUE,1
MNXM7343,9,,TRUE,TRUE,1
MNXM737340,9,,TRUE,TRUE,1
MNXM741173,9,,TRUE,TRUE,1
MNXM741553,9,,TRUE,TRUE,1
MNXM741663,9,,TRUE,TRUE,1
MNXM75,9,,TRUE,TRUE,1
MNXM93,9,,TRUE,TRUE,1
MNXM144,8,,TRUE,TRUE,1
MNXM162260,8,,TRUE,TRUE,1
MNXM167,8,,TRUE,TRUE,1
MNXM1949,8,,TRUE,TRUE,1
MNXM222,8,,TRUE,TRUE,1
MNXM314,8,,TRUE,TRUE,1
MNXM401,8,,TRUE,TRUE,1
MNXM421,8,,TRUE,TRUE,1
MNXM48464,8,,TRUE,TRUE,1
MNXM66,8,,TRUE,TRUE,1
MNXM727692,8,,TRUE,TRUE,1
MNXM732202,8,,TRUE,TRUE,1
MNXM8667,8,,TRUE,TRUE,1
MNXM935,8,,TRUE,TRUE,1
MNXM1043,7,,TRUE,TRUE,1
MNXM1094693,7,,TRUE,TRUE,1
MNXM1102441,7,,TRUE,TRUE,1
MNXM1233,7,,TRUE,TRUE,1
MNXM1275,7,,TRUE,TRUE,1
MNXM131,7,,TRUE,TRUE,1
MNXM1364255,7,,TRUE,TRUE,1
MNXM1369179,7,,TRUE,TRUE,1
MNXM1370229,7,,TRUE,TRUE,1
MNXM1517,7,,TRUE,TRUE,1
MNXM2561,7,,TRUE,TRUE,1
MNXM2757,7,,TRUE,TRUE,1
MNXM353,7,,TRUE,TRUE,1
MNXM3673,7,,TRUE,TRUE,1
MNXM419,7,,TRUE,TRUE,1
MNXM46,7,,TRUE,TRUE,1
MNXM473,7,,TRUE,TRUE,1
MNXM544,7,,TRUE,TRUE,1
MNXM602,7,,TRUE,TRUE,1
MNXM647,7,,TRUE,TRUE,1
MNXM662,7,,TRUE,TRUE,1
MNXM687,7,,TRUE,TRUE,1
MNXM69,7,,TRUE,TRUE,1
MNXM713,7,,TRUE,TRUE,1
MNXM726637,7,,TRUE,TRUE,1
MNXM728393,7,,TRUE,TRUE,1
MNXM734573,7,,TRUE,TRUE,1
MNXM734750,7,,TRUE,TRUE,1
MNXM735266,7,,TRUE,TRUE,1
MNXM738068,7,,TRUE,TRUE,1
MNXM738804,7,,TRUE,TRUE,1
MNXM739272,7,,TRUE,TRUE,1
MNXM741664,7,,TRUE,TRUE,1
MNXM8664,7,,TRUE,TRUE,1
MNXM8670,7,,TRUE,TRUE,1
MNXM8868,7,,TRUE,TRUE,1
MNXM91126,7,,TRUE,TRUE,1
MNXM1103104,6,,TRUE,TRUE,1
MNXM1105732,6,,TRUE,TRUE,1
MNXM1106000,6,,TRUE,TRUE,1
MNXM1106761,6,,TRUE,TRUE,1
MNXM1107752,6,,TRUE,TRUE,1
MNXM1107769,6,,TRUE,TRUE,1
MNXM1363718,6,,TRUE,TRUE,1
MNXM1364206,6,,TRUE,TRUE,1
MNXM1364330,6,,TRUE,TRUE,1
MNXM1364416,6,,TRUE,TRUE,1
MNXM1364673,6,,TRUE,TRUE,1
MNXM1370306,6,,TRUE,TRUE,1
MNXM1372754,6,,TRUE,TRUE,1
MNXM1608,6,,TRUE,TRUE,1
MNXM162258,6,,TRUE,TRUE,1
MNXM1653,6,,TRUE,TRUE,1
MNXM1734,6,,TRUE,TRUE,1
MNXM195,6,,TRUE,TRUE,1
MNXM228,6,,TRUE,TRUE,1
MNXM256,6,,TRUE,TRUE,1
MNXM364,6,,TRUE,TRUE,1
MNXM405,6,,TRUE,TRUE,1
MNXM408,6,,TRUE,TRUE,1
MNXM435,6,,TRUE,TRUE,1
MNXM4505,6,,TRUE,TRUE,1
MNXM615,6,,TRUE,TRUE,1
MNXM726888,6,,TRUE,TRUE,1
MNXM731667,6,,TRUE,TRUE,1
MNXM732619,6,,TRUE,TRUE,1
MNXM734837,6,,TRUE,TRUE,1
MNXM736635,6,,TRUE,TRUE,1
MNXM737787,6,,TRUE,TRUE,1
MNXM739337,6,,TRUE,TRUE,1
MNXM740330,6,,TRUE,TRUE,1
MNXM744,6,,TRUE,TRUE,1
MNXM8263,6,,TRUE,TRUE,1
MNXM8264,6,,TRUE,TRUE,1
MNXM950,6,,TRUE,TRUE,1
MNXM1018,5,,TRUE,TRUE,1
MNXM1105941,5,,TRUE,TRUE,1
MNXM1108018,5,,TRUE,TRUE,1
MNXM1108092,5,,TRUE,TRUE,1
MNXM11814,5,,TRUE,TRUE,1
MNXM126241,5,,TRUE,TRUE,1
MNXM1363965,5,,TRUE,TRUE,1
MNXM1364050,5,,TRUE,TRUE,1
MNXM1370176,5,,TRUE,TRUE,1
MNXM1370308,5,,TRUE,TRUE,1
MNXM1370556,5,,TRUE,TRUE,1
MNXM1371083,5,,TRUE,TRUE,1
MNXM1372482,5,,TRUE,TRUE,1
MNXM151,5,,TRUE,TRUE,1
MNXM162239,5,,TRUE,TRUE,1
MNXM257,5,,TRUE,TRUE,1
MNXM291,5,,TRUE,TRUE,1
MNXM306,5,,TRUE,TRUE,1
MNXM323,5,,TRUE,TRUE,1
MNXM328,5,,TRUE,TRUE,1
MNXM5,5,,TRUE,TRUE,1
MNXM529,5,,TRUE,TRUE,1
MNXM533,5,,TRUE,TRUE,1
MNXM584,5,,TRUE,TRUE,1
MNXM663,5,,TRUE,TRUE,1
MNXM7138,5,,TRUE,TRUE,1
MNXM729594,5,,TRUE,TRUE,1
MNXM73,5,,TRUE,TRUE,1
MNXM731707,5,,TRUE,TRUE,1
MNXM731950,5,,TRUE,TRUE,1
MNXM732470,5,,TRUE,TRUE,1
MNXM733435,5,,TRUE,TRUE,1
MNXM734590,5,,TRUE,TRUE,1
MNXM735090,5,,TRUE,TRUE,1
MNXM736942,5,,TRUE,TRUE,1
MNXM738369,5,,TRUE,TRUE,1
MNXM738430,5,,TRUE,TRUE,1
MNXM739527,5,,TRUE,TRUE,1
MNXM750,5,,TRUE,TRUE,1
MNXM89582,5,,TRUE,TRUE,1
MNXM91519,5,,TRUE,TRUE,1
MNXM107505,4,,TRUE,TRUE,1
MNXM1103335,4,,TRUE,TRUE,1
MNXM1104180,4,,TRUE,TRUE,1
MNXM1104527,4,,TRUE,TRUE,1
MNXM1104590,4,,TRUE,TRUE,1
MNXM1105684,4,,TRUE,TRUE,1
MNXM1105731,4,,TRUE,TRUE,1
MNXM1105760,4,,TRUE,TRUE,1
MNXM1105935,4,,TRUE,TRUE,1
MNXM1107192,4,,TRUE,TRUE,1
MNXM1107821,4,,TRUE,TRUE,1
MNXM1108176,4,,TRUE,TRUE,1
MNXM1108339,4,,TRUE,TRUE,1
MNXM112,4,,TRUE,TRUE,1
MNXM113,4,,TRUE,TRUE,1
MNXM1364205,4,,TRUE,TRUE,1
MNXM1364295,4,,TRUE,TRUE,1
MNXM1364345,4,,TRUE,TRUE,1
MNXM1366923,4,,TRUE,TRUE,1
MNXM1369195,4,,TRUE,TRUE,1
MNXM1369515,4,,TRUE,TRUE,1
MNXM1371096,4,,TRUE,TRUE,1
MNXM1371098,4,,TRUE,TRUE,1
MNXM1372305,4,,TRUE,TRUE,1
MNXM1372603,4,,TRUE,TRUE,1
MNXM164,4,,TRUE,TRUE,1
MNXM169454,4,,TRUE,TRUE,1
MNXM2074,4,,TRUE,TRUE,1
MNXM216,4,,TRUE,TRUE,1
MNXM217,4,,TRUE,TRUE,1
MNXM235,4,,TRUE,TRUE,1
MNXM2604,4,,TRUE,TRUE,1
MNXM3,4,,TRUE,TRUE,1
MNXM311,4,,TRUE,TRUE,1
MNXM370,4,,TRUE,TRUE,1
MNXM383,4,,TRUE,TRUE,1
MNXM394,4,,TRUE,TRUE,1
MNXM398,4,,TRUE,TRUE,1
MNXM402,4,,TRUE,TRUE,1
MNXM40333,4,,TRUE,TRUE,1
MNXM440,4,,TRUE,TRUE,1
MNXM441,4,,TRUE,TRUE,1
MNXM460,4,,TRUE,TRUE,1
MNXM4638,4,,TRUE,TRUE,1
MNXM490899,4,,TRUE,TRUE,1
MNXM56,4,,TRUE,TRUE,1
MNXM621,4,,TRUE,TRUE,1
MNXM641,4,,TRUE,TRUE,1
MNXM726573,4,,TRUE,TRUE,1
MNXM726752,4,,TRUE,TRUE,1
MNXM727604,4,,TRUE,TRUE,1
MNXM728029,4,,TRUE,TRUE,1
MNXM728294,4,,TRUE,TRUE,1
MNXM729340,4,,TRUE,TRUE,1
MNXM729644,4,,TRUE,TRUE,1
MNXM731366,4,,TRUE,TRUE,1
MNXM732620,4,,TRUE,TRUE,1
MNXM733618,4,,TRUE,TRUE,1
MNXM736788,4,,TRUE,TRUE,1
MNXM737264,4,,TRUE,TRUE,1
MNXM737701,4,,TRUE,TRUE,1
MNXM738128,4,,TRUE,TRUE,1
MNXM738320,4,,TRUE,TRUE,1
MNXM739586,4,,TRUE,TRUE,1
MNXM739757,4,,TRUE,TRUE,1
MNXM739791,4,,TRUE,TRUE,1
MNXM740896,4,,TRUE,TRUE,1
MNXM741002,4,,TRUE,TRUE,1
MNXM741449,4,,TRUE,TRUE,1
MNXM80,4,,TRUE,TRUE,1
MNXM8340,4,,TRUE,TRUE,1
MNXM87584,4,,TRUE,TRUE,1
MNXM8825,4,,TRUE,TRUE,1
MNXM889,4,,TRUE,TRUE,1
MNXM89661,4,,TRUE,TRUE,1
MNXM943,4,,TRUE,TRUE,1
MNXM970,4,,TRUE,TRUE,1
MNXM1093344,3,,TRUE,TRUE,1
MNXM1094052,3,,TRUE,TRUE,1
MNXM1094294,3,,TRUE,TRUE,1
MNXM1103313,3,,TRUE,TRUE,1
MNXM1103965,3,,TRUE,TRUE,1
MNXM1107213,3,,TRUE,TRUE,1
MNXM1107900,3,,TRUE,TRUE,1
MNXM1107902,3,,TRUE,TRUE,1
MNXM1108051,3,,TRUE,TRUE,1
MNXM1109,3,,TRUE,TRUE,1
MNXM1363866,3,,TRUE,TRUE,1
MNXM1364164,3,,TRUE,TRUE,1
MNXM1364662,3,,TRUE,TRUE,1
MNXM1370177,3,,TRUE,TRUE,1
MNXM1372264,3,,TRUE,TRUE,1
MNXM1372394,3,,TRUE,TRUE,1
MNXM1372481,3,,TRUE,TRUE,1
MNXM1380,3,,TRUE,TRUE,1
MNXM1547,3,,TRUE,TRUE,1
MNXM159,3,,TRUE,TRUE,1
MNXM16,3,,TRUE,TRUE,1
MNXM160,3,,TRUE,TRUE,1
MNXM162989,3,,TRUE,TRUE,1
MNXM1670,3,,TRUE,TRUE,1
MNXM1686,3,,TRUE,TRUE,1
MNXM1711,3,,TRUE,TRUE,1
MNXM188,3,,TRUE,TRUE,1
MNXM189,3,,TRUE,TRUE,1
MNXM1985,3,,TRUE,TRUE,1
MNXM204,3,,TRUE,TRUE,1
MNXM205,3,,TRUE,TRUE,1
MNXM2182,3,,TRUE,TRUE,1
MNXM2184,3,,TRUE,TRUE,1
MNXM227,3,,TRUE,TRUE,1
MNXM2282,3,,TRUE,TRUE,1
MNXM2476,3,,TRUE,TRUE,1
MNXM275,3,,TRUE,TRUE,1
MNXM2976,3,,TRUE,TRUE,1
MNXM31,3,,TRUE,TRUE,1
MNXM3230,3,,TRUE,TRUE,1
MNXM3382,3,,TRUE,TRUE,1
MNXM35277,3,,TRUE,TRUE,1
MNXM376,3,,TRUE,TRUE,1
MNXM418,3,,TRUE,TRUE,1
MNXM432,3,,TRUE,TRUE,1
MNXM444,3,,TRUE,TRUE,1
MNXM45,3,,TRUE,TRUE,1
MNXM510,3,,TRUE,TRUE,1
MNXM51036,3,,TRUE,TRUE,1
MNXM518,3,,TRUE,TRUE,1
MNXM5188,3,,TRUE,TRUE,1
MNXM5476,3,,TRUE,TRUE,1
MNXM588,3,,TRUE,TRUE,1
MNXM6396,3,,TRUE,TRUE,1
MNXM681265,3,,TRUE,TRUE,1
MNXM721,3,,TRUE,TRUE,1
MNXM726092,3,,TRUE,TRUE,1
MNXM726638,3,,TRUE,TRUE,1
MNXM726864,3,,TRUE,TRUE,1
MNXM727224,3,,TRUE,TRUE,1
MNXM727871,3,,TRUE,TRUE,1
MNXM729595,3,,TRUE,TRUE,1
MNXM730561,3,,TRUE,TRUE,1
MNXM731895,3,,TRUE,TRUE,1
MNXM733434,3,,TRUE,TRUE,1
MNXM734080,3,,TRUE,TRUE,1
MNXM734847,3,,TRUE,TRUE,1
MNXM735208,3,,TRUE,TRUE,1
MNXM7354,3,,TRUE,TRUE,1
MNXM735946,3,,TRUE,TRUE,1
MNXM736619,3,,TRUE,TRUE,1
MNXM737068,3,,TRUE,TRUE,1
MNXM737265,3,,TRUE,TRUE,1
MNXM738268,3,,TRUE,TRUE,1
MNXM741175,3,,TRUE,TRUE,1
MNXM741693,3,,TRUE,TRUE,1
MNXM7451,3,,TRUE,TRUE,1
MNXM7454,3,,TRUE,TRUE,1
MNXM89588,3,,TRUE,TRUE,1
MNXM89621,3,,TRUE,TRUE,1
MNXM90412,3,,TRUE,TRUE,1
MNXM927,3,,TRUE,TRUE,1
MNXM964,3,,TRUE,TRUE,1
MNXM982,3,,TRUE,TRUE,1
MNXM1092518,2,,TRUE,TRUE,1
MNXM1094289,2,,TRUE,TRUE,1
MNXM1101289,2,,TRUE,TRUE,1
MNXM1101937,2,,TRUE,TRUE,1
MNXM1102177,2,,TRUE,TRUE,1
MNXM1102731,2,,TRUE,TRUE,1
MNXM1103400,2,,TRUE,TRUE,1
MNXM1103551,2,,TRUE,TRUE,1
MNXM1103769,2,,TRUE,TRUE,1
MNXM1104065,2,,TRUE,TRUE,1
MNXM1104434,2,,TRUE,TRUE,1
MNXM1105027,2,,TRUE,TRUE,1
MNXM1105737,2,,TRUE,TRUE,1
MNXM1105965,2,,TRUE,TRUE,1
MNXM1106181,2,,TRUE,TRUE,1
MNXM113989,2,,TRUE,TRUE,1
MNXM1140,2,,TRUE,TRUE,1
MNXM1148,2,,TRUE,TRUE,1
MNXM1151,2,,TRUE,TRUE,1
MNXM1192,2,,TRUE,TRUE,1
MNXM123,2,,TRUE,TRUE,1
MNXM12480,2,,TRUE,TRUE,1
MNXM125,2,,TRUE,TRUE,1
MNXM12629,2,,TRUE,TRUE,1
MNXM1363948,2,,TRUE,TRUE,1
MNXM1364161,2,,TRUE,TRUE,1
MNXM1364559,2,,TRUE,TRUE,1
MNXM1369404,2,,TRUE,TRUE,1
MNXM1370998,2,,TRUE,TRUE,1
MNXM138,2,,TRUE,TRUE,1
MNXM1403,2,,TRUE,TRUE,1
MNXM146388,2,,TRUE,TRUE,1
MNXM146508,2,,TRUE,TRUE,1
MNXM147516,2,,TRUE,TRUE,1
MNXM1484,2,,TRUE,TRUE,1
MNXM1552,2,,TRUE,TRUE,1
MNXM1565,2,,TRUE,TRUE,1
MNXM15900,2,,TRUE,TRUE,1
MNXM1692,2,,TRUE,TRUE,1
MNXM1820,2,,TRUE,TRUE,1
MNXM1833,2,,TRUE,TRUE,1
MNXM1855,2,,TRUE,TRUE,1
MNXM187,2,,TRUE,TRUE,1
MNXM18941,2,,TRUE,TRUE,1
MNXM1922,2,,TRUE,TRUE,1
MNXM2027,2,,TRUE,TRUE,1
MNXM210,2,,TRUE,TRUE,1
MNXM2112,2,,TRUE,TRUE,1
MNXM2183,2,,TRUE,TRUE,1
MNXM2246,2,,TRUE,TRUE,1
MNXM234,2,,TRUE,TRUE,1
MNXM2353,2,,TRUE,TRUE,1
MNXM2474,2,,TRUE,TRUE,1
MNXM2527,2,,TRUE,TRUE,1
MNXM254,2,,TRUE,TRUE,1
MNXM255,2,,TRUE,TRUE,1
MNXM2598,2,,TRUE,TRUE,1
MNXM2683,2,,TRUE,TRUE,1
MNXM279,2,,TRUE,TRUE,1
MNXM2831,2,,TRUE,TRUE,1
MNXM293,2,,TRUE,TRUE,1
MNXM3148,2,,TRUE,TRUE,1
MNXM3150,2,,TRUE,TRUE,1
MNXM316,2,,TRUE,TRUE,1
MNXM320,2,,TRUE,TRUE,1
MNXM322,2,,TRUE,TRUE,1
MNXM330,2,,TRUE,TRUE,1
MNXM331,2,,TRUE,TRUE,1
MNXM337,2,,TRUE,TRUE,1
MNXM350,2,,TRUE,TRUE,1
MNXM3518,2,,TRUE,TRUE,1
MNXM371,2,,TRUE,TRUE,1
MNXM40586,2,,TRUE,TRUE,1
MNXM42654,2,,TRUE,TRUE,1
MNXM4428,2,,TRUE,TRUE,1
MNXM46301,2,,TRUE,TRUE,1
MNXM4641,2,,TRUE,TRUE,1
MNXM477,2,,TRUE,TRUE,1
MNXM4835,2,,TRUE,TRUE,1
MNXM5043,2,,TRUE,TRUE,1
MNXM5189,2,,TRUE,TRUE,1
MNXM53290,2,,TRUE,TRUE,1
MNXM546,2,,TRUE,TRUE,1
MNXM548,2,,TRUE,TRUE,1
MNXM55276,2,,TRUE,TRUE,1
MNXM55287,2,,TRUE,TRUE,1
MNXM555,2,,TRUE,TRUE,1
MNXM5748,2,,TRUE,TRUE,1
MNXM57835,2,,TRUE,TRUE,1
MNXM582,2,,TRUE,TRUE,1
MNXM5928,2,,TRUE,TRUE,1
MNXM5970,2,,TRUE,TRUE,1
MNXM603,2,,TRUE,TRUE,1
MNXM61025,2,,TRUE,TRUE,1
MNXM62524,2,,TRUE,TRUE,1
MNXM6451,2,,TRUE,TRUE,1
MNXM660,2,,TRUE,TRUE,1
MNXM664,2,,TRUE,TRUE,1
MNXM670,2,,TRUE,TRUE,1
MNXM716,2,,TRUE,TRUE,1
MNXM722790,2,,TRUE,TRUE,1
MNXM726703,2,,TRUE,TRUE,1
MNXM726945,2,,TRUE,TRUE,1
MNXM727218,2,,TRUE,TRUE,1
MNXM728398,2,,TRUE,TRUE,1
MNXM729591,2,,TRUE,TRUE,1
MNXM729871,2,,TRUE,TRUE,1
MNXM730,2,,TRUE,TRUE,1
MNXM730929,2,,TRUE,TRUE,1
MNXM731417,2,,TRUE,TRUE,1
MNXM732471,2,,TRUE,TRUE,1
MNXM733031,2,,TRUE,TRUE,1
MNXM733514,2,,TRUE,TRUE,1
MNXM733912,2,,TRUE,TRUE,1
MNXM734589,2,,TRUE,TRUE,1
MNXM734941,2,,TRUE,TRUE,1
MNXM735103,2,,TRUE,TRUE,1
MNXM735207,2,,TRUE,TRUE,1
MNXM736340,2,,TRUE,TRUE,1
MNXM736797,2,,TRUE,TRUE,1
MNXM737238,2,,TRUE,TRUE,1
MNXM737824,2,,TRUE,TRUE,1
MNXM737842,2,,TRUE,TRUE,1
MNXM738656,2,,TRUE,TRUE,1
MNXM738662,2,,TRUE,TRUE,1
MNXM738702,2,,TRUE,TRUE,1
MNXM738728,2,,TRUE,TRUE,1
MNXM739668,2,,TRUE,TRUE,1
MNXM739963,2,,TRUE,TRUE,1
MNXM740230,2,,TRUE,TRUE,1
MNXM740598,2,,TRUE,TRUE,1
MNXM741016,2,,TRUE,TRUE,1
MNXM745,2,,TRUE,TRUE,1
MNXM754,2,,TRUE,TRUE,1
MNXM7670,2,,TRUE,TRUE,1
MNXM792,2,,TRUE,TRUE,1
MNXM793,2,,TRUE,TRUE,1
MNXM7948,2,,TRUE,TRUE,1
MNXM8,2,,TRUE,TRUE,1
MNXM821,2,,TRUE,TRUE,1
MNXM828,2,,TRUE,TRUE,1
MNXM8669,2,,TRUE,TRUE,1
MNXM87121,2,,TRUE,TRUE,1
MNXM883,2,,TRUE,TRUE,1
MNXM88338,2,,TRUE,TRUE,1
MNXM88345,2,,TRUE,TRUE,1
MNXM88347,2,,TRUE,TRUE,1
MNXM890,2,,TRUE,TRUE,1
MNXM90703,2,,TRUE,TRUE,1
MNXM90827,2,,TRUE,TRUE,1
MNXM91349,2,,TRUE,TRUE,1
MNXM91795,2,,TRUE,TRUE,1
MNXM924,2,,TRUE,TRUE,1
MNXM946,2,,TRUE,TRUE,1
MNXM963,2,,TRUE,TRUE,1
MNXM96506,2,,TRUE,TRUE,1
MNXM97613,2,,TRUE,TRUE,1
enter,2,,FALSE,FALSE,0
eth,2,,FALSE,FALSE,0
gal,2,,FALSE,FALSE,0
h2o,2,,FALSE,FALSE,1
12dca,1,,FALSE,FALSE,0
13GLUCANe_c,1,,FALSE,FALSE,0
1ag160,1,,FALSE,FALSE,0
1ag160_c,1,,FALSE,FALSE,0
1ag180,1,,FALSE,FALSE,0
1ag180_c,1,,FALSE,FALSE,0
1ag181d9,1,,FALSE,FALSE,0
1ag181d9_c,1,,FALSE,FALSE,0
1ag182d9d12,1,,FALSE,FALSE,0
1ag182d9d12_c,1,,FALSE,FALSE,0
1dgali,1,,FALSE,FALSE,0
1g2hdne,1,,FALSE,FALSE,0
1nphtol,1,,FALSE,FALSE,0
23d2gbne,1,,FALSE,FALSE,0
2HPENGe_c,1,,FALSE,FALSE,0
2bhyde,1,,FALSE,FALSE,0
2dan,1,,FALSE,FALSE,0
2dglc,1,,FALSE,FALSE,0
2hb,1,,FALSE,FALSE,0
2m35mdntha,1,,FALSE,FALSE,0
2m35mdntha_c,1,,FALSE,FALSE,0
2nphtol,1,,FALSE,FALSE,0
2obut,1,,FALSE,FALSE,0
2oxate,1,,FALSE,FALSE,0
34d3h4sne,1,,FALSE,FALSE,0
35dnta,1,,FALSE,FALSE,0
35dnta_c,1,,FALSE,FALSE,0
3_DASH_HYDROXY_DASH_ANTHRANILATE_CCO_DASH_EXTRACELLULAR,1,,FALSE,FALSE,0
3_DASH_HYDROXY_DASH_L_DASH_KYNURENINE_CCO_DASH_EXTRACELLULAR,1,,FALSE,FALSE,0
3h4atb,1,,FALSE,FALSE,0
3hpp,1,,FALSE,FALSE,0
4228,1,,FALSE,FALSE,0
45dgbne,1,,FALSE,FALSE,0
4HPENVe_c,1,,FALSE,FALSE,0
4HPOAe_c,1,,FALSE,FALSE,0
4abzglu,1,,FALSE,FALSE,0
4abzglu_c,1,,FALSE,FALSE,0
4gcymd,1,,FALSE,FALSE,0
4hphac,1,,FALSE,FALSE,0
4hpro_DC,1,,FALSE,FALSE,0
4hptn,1,,FALSE,FALSE,0
4hptn_c,1,,FALSE,FALSE,0
4nol,1,,FALSE,FALSE,0
4npha,1,,FALSE,FALSE,0
4oxptn,1,,FALSE,FALSE,0
4oxptn_c,1,,FALSE,FALSE,0
5a2opa,1,,FALSE,FALSE,0
5aptn,1,,FALSE,FALSE,0
5g2ot,1,,FALSE,FALSE,0
5mpca,1,,FALSE,FALSE,0
5mtr,1,,FALSE,FALSE,0
6APAe_c,1,,FALSE,FALSE,0
6CARHEXe_c,1,,FALSE,FALSE,0
6atha,1,,FALSE,FALSE,0
6thate,1,,FALSE,FALSE,0
78dgbne,1,,FALSE,FALSE,0
8HPAe_c,1,,FALSE,FALSE,0
ACET_CCO_DASH_EXTRACELLULAR,1,,FALSE,FALSE,0
ACVe_c,1,,FALSE,FALSE,0
ACe_c,1,,FALSE,FALSE,0
ADENINE_CCO_DASH_EXTRACELLULAR,1,,FALSE,FALSE,0
ADe_c,1,,FALSE,FALSE,0
AKGe_c,1,,FALSE,FALSE,0
ALA_DASH_GLY_CCO_DASH_EXTRACELLULAR,1,,FALSE,FALSE,0
ALAe_c,1,,FALSE,FALSE,0
ALLANTOATE_CCO_DASH_EXTRACELLULAR,1,,FALSE,FALSE,0
ALPHA_DASH_D_DASH_GALACTOSE_CCO_DASH_EXTRACELLULAR,1,,FALSE,FALSE,0
ALPHA_DASH_GLUCOSE_CCO_DASH_EXTRACELLULAR,1,,FALSE,FALSE,0
AMAe_c,1,,FALSE,FALSE,0
AMMONIA,1,,FALSE,FALSE,0
AMMONIA_CCO_DASH_EXTRACELLULAR,1,,FALSE,FALSE,0
AMMONIUM,1,,FALSE,FALSE,0
AMMONIUM_CCO_DASH_EXTRACELLULAR,1,,FALSE,FALSE,0
ANTHRANILATE_CCO_DASH_EXTRACELLULAR,1,,FALSE,FALSE,0
ANe_c,1,,FALSE,FALSE,0
AOLe_c,1,,FALSE,FALSE,0
ARABINe_c,1,,FALSE,FALSE,0
ARABe_c,1,,FALSE,FALSE,0
ARCN,1,,FALSE,FALSE,0
ARG_CCO_DASH_EXTRACELLULAR,1,,FALSE,FALSE,0
ARGe_c,1,,FALSE,FALSE,0
ARTPROTe_c,1,,FALSE,FALSE,0
ASN_CCO_DASH_EXTRACELLULAR,1,,FALSE,FALSE,0
ASNe_c,1,,FALSE,FALSE,0
ASPe_c,1,,FALSE,FALSE,0
AVF,1,,FALSE,FALSE,0
B00001,1,,FALSE,FALSE,0
B00002,1,,FALSE,FALSE,0
BETA_DASH_D_DASH_FRUCTOSE_CCO_DASH_EXTRACELLULAR,1,,FALSE,FALSE,0
BETA_DASH_L_DASH_ARABINOSE_CCO_DASH_EXTRACELLULAR,1,,FALSE,FALSE,0
BIOMASS,1,,FALSE,FALSE,0
BIOMASSe_c,1,,FALSE,FALSE,0
BIOTIN_CCO_DASH_EXTRACELLULAR,1,,FALSE,FALSE,0
BUTYRIC_ACID_CCO_DASH_EXTRACELLULAR,1,,FALSE,FALSE,0
Biomass,1,,FALSE,FALSE,0
C00025,1,,FALSE,FALSE,0
C00288,1,,FALSE,FALSE,0
C00392,1,,FALSE,FALSE,0
C01507,1,,FALSE,FALSE,0
C100e_c,1,,FALSE,FALSE,0
C120e_c,1,,FALSE,FALSE,0
C140e_c,1,,FALSE,FALSE,0
C141,1,,FALSE,FALSE,0
C150ACP,1,,FALSE,FALSE,0
C150e_c,1,,FALSE,FALSE,0
C160e_c,1,,FALSE,FALSE,0
C161e_c,1,,FALSE,FALSE,0
C162,1,,FALSE,FALSE,0
C162ACP,1,,FALSE,FALSE,0
C162COA,1,,FALSE,FALSE,0
C162e_c,1,,FALSE,FALSE,0
C170,1,,FALSE,FALSE,0
C170ACP,1,,FALSE,FALSE,0
C170e_c,1,,FALSE,FALSE,0
C171e_c,1,,FALSE,FALSE,0
C180e_c,1,,FALSE,FALSE,0
C181e_c,1,,FALSE,FALSE,0
C182COA,1,,FALSE,FALSE,0
C182e_c,1,,FALSE,FALSE,0
C183,1,,FALSE,FALSE,0
C183e_c,1,,FALSE,FALSE,0
C200ACP,1,,FALSE,FALSE,0
C200e_c,1,,FALSE,FALSE,0
C40e_c,1,,FALSE,FALSE,0
C4ODe_c,1,,FALSE,FALSE,0
C50e_c,1,,FALSE,FALSE,0
C60e_c,1,,FALSE,FALSE,0
C70e_c,1,,FALSE,FALSE,0
C80e_c,1,,FALSE,FALSE,0
C90e_c,1,,FALSE,FALSE,0
CARBON_DASH_DIOXIDE_CCO_DASH_EXTRACELLULAR,1,,FALSE,FALSE,0
CB15LCTe_c,1,,FALSE,FALSE,0
CELLOBIOSE_CCO_DASH_EXTRACELLULAR,1,,FALSE,FALSE,0
CELLOBe_c,1,,FALSE,FALSE,0
CELLULOSE_CCO_DASH_EXTRACELLULAR,1,,FALSE,FALSE,0
CELLUe_c,1,,FALSE,FALSE,0
CER1,1,,FALSE,FALSE,0
CHEBI139520,1,,FALSE,FALSE,0
CHEBI139521,1,,FALSE,FALSE,0
CHEBI15446,1,,FALSE,FALSE,0
CHEBI17309,1,,FALSE,FALSE,0
CHEBI28223,1,,FALSE,FALSE,0
CHEBI35759,1,,FALSE,FALSE,0
CHEBI37671,1,,FALSE,FALSE,0
CHEBI48943,1,,FALSE,FALSE,0
CHEBI48945,1,,FALSE,FALSE,0
CHEBI49183,1,,FALSE,FALSE,0
CHEBI59080,1,,FALSE,FALSE,0
CHEBI59082,1,,FALSE,FALSE,0
CHEBI59087,1,,FALSE,FALSE,0
CHEBI59092,1,,FALSE,FALSE,0
CHEBI61313,1,,FALSE,FALSE,0
CHEBI62098,1,,FALSE,FALSE,0
CHIBe_c,1,,FALSE,FALSE,0
CHITOe_c,1,,FALSE,FALSE,0
CHITe_c,1,,FALSE,FALSE,0
CHOLINE_CCO_DASH_EXTRACELLULAR,1,,FALSE,FALSE,0
CHOe_c,1,,FALSE,FALSE,0
CITRe_c,1,,FALSE,FALSE,0
CIT_CCO_DASH_EXTRACELLULAR,1,,FALSE,FALSE,0
CITe_c,1,,FALSE,FALSE,0
CL_DASH__CCO_DASH_EXTRACELLULAR,1,,FALSE,FALSE,0
CO2e_c,1,,FALSE,FALSE,0
CPD0_DASH_1108_CCO_DASH_EXTRACELLULAR,1,,FALSE,FALSE,0
CPD0_DASH_1110_CCO_DASH_EXTRACELLULAR,1,,FALSE,FALSE,0
CPD0_DASH_1445_CCO_DASH_EXTRACELLULAR,1,,FALSE,FALSE,0
CPD2T_DASH_22_CCO_DASH_EXTRACELLULAR,1,,FALSE,FALSE,0
CPD2T_DASH_69_CCO_DASH_EXTRACELLULAR,1,,FALSE,FALSE,0
CPD2T_DASH_85_CCO_DASH_EXTRACELLULAR,1,,FALSE,FALSE,0
CPD66_DASH_39,1,,FALSE,FALSE,0
CPD_DASH_10330_CCO_DASH_EXTRACELLULAR,1,,FALSE,FALSE,0
CPD_DASH_10723_CCO_DASH_EXTRACELLULAR,1,,FALSE,FALSE,0
CPD_DASH_10725_CCO_DASH_EXTRACELLULAR,1,,FALSE,FALSE,0
CPD_DASH_10726_CCO_DASH_EXTRACELLULAR,1,,FALSE,FALSE,0
CPD_DASH_10814_CCO_DASH_EXTRACELLULAR,1,,FALSE,FALSE,0
CPD_DASH_12601_CCO_DASH_EXTRACELLULAR,1,,FALSE,FALSE,0
CPD_DASH_13390_CCO_DASH_EXTRACELLULAR,1,,FALSE,FALSE,0
CPD_DASH_13393_CCO_DASH_EXTRACELLULAR,1,,FALSE,FALSE,0
CPD_DASH_13394_CCO_DASH_EXTRACELLULAR,1,,FALSE,FALSE,0
CPD_DASH_13395_CCO_DASH_EXTRACELLULAR,1,,FALSE,FALSE,0
CPD_DASH_13397_CCO_DASH_EXTRACELLULAR,1,,FALSE,FALSE,0
CPD_DASH_13398_CCO_DASH_EXTRACELLULAR,1,,FALSE,FALSE,0
CPD_DASH_13401_CCO_DASH_EXTRACELLULAR,1,,FALSE,FALSE,0
CPD_DASH_13403_CCO_DASH_EXTRACELLULAR,1,,FALSE,FALSE,0
CPD_DASH_13404_CCO_DASH_EXTRACELLULAR,1,,FALSE,FALSE,0
CPD_DASH_13406_CCO_DASH_EXTRACELLULAR,1,,FALSE,FALSE,0
CPD_DASH_13409_CCO_DASH_EXTRACELLULAR,1,,FALSE,FALSE,0
CPD_DASH_15699,1,,FALSE,FALSE,0
CPD_DASH_210_CCO_DASH_EXTRACELLULAR,1,,FALSE,FALSE,0
CPD_DASH_218_CCO_DASH_EXTRACELLULAR,1,,FALSE,FALSE,0
CPD_DASH_3569_CCO_DASH_EXTRACELLULAR,1,,FALSE,FALSE,0
CPD_DASH_5601_CCO_DASH_EXTRACELLULAR,1,,FALSE,FALSE,0
CPD_DASH_5602_CCO_DASH_EXTRACELLULAR,1,,FALSE,FALSE,0
CPD_DASH_9569_CCO_DASH_EXTRACELLULAR,1,,FALSE,FALSE,0
CYNEe_c,1,,FALSE,FALSE,0
CYSTe_c,1,,FALSE,FALSE,0
CYS_CCO_DASH_EXTRACELLULAR,1,,FALSE,FALSE,0
CYSe_c,1,,FALSE,FALSE,0
CYTOSINE_CCO_DASH_EXTRACELLULAR,1,,FALSE,FALSE,0
CYTSe_c,1,,FALSE,FALSE,0
Cellodextrins_CCO_DASH_EXTRACELLULAR,1,,FALSE,FALSE,0
Cluster10592,1,,FALSE,FALSE,0
Cluster1080,1,,FALSE,FALSE,0
Cluster1302,1,,FALSE,FALSE,0
Cluster1410,1,,FALSE,FALSE,0
Cluster1411,1,,FALSE,FALSE,0
Cluster20,1,,FALSE,FALSE,0
Cluster212,1,,FALSE,FALSE,0
Cluster213,1,,FALSE,FALSE,0
Cluster2671,1,,FALSE,FALSE,0
Cluster2696,1,,FALSE,FALSE,0
Cluster4315,1,,FALSE,FALSE,0
Cluster4795,1,,FALSE,FALSE,0
Cluster4796,1,,FALSE,FALSE,0
Cluster5,1,,FALSE,FALSE,0
Cluster5179,1,,FALSE,FALSE,0
Cluster5435,1,,FALSE,FALSE,0
Cluster5733,1,,FALSE,FALSE,0
Cluster5734,1,,FALSE,FALSE,0
Cluster5735,1,,FALSE,FALSE,0
Cluster582,1,,FALSE,FALSE,0
Cluster6012,1,,FALSE,FALSE,0
Cluster6035,1,,FALSE,FALSE,0
Cluster6199,1,,FALSE,FALSE,0
Cluster6547,1,,FALSE,FALSE,0
Cluster6574,1,,FALSE,FALSE,0
Cluster6575,1,,FALSE,FALSE,0
Cluster6833,1,,FALSE,FALSE,0
DGLCe_c,1,,FALSE,FALSE,0
DIHYDROXYACETONE_CCO_DASH_EXTRACELLULAR,1,,FALSE,FALSE,0
DOQUIe_c,1,,FALSE,FALSE,0
D_DASH_XYLULOSE_CCO_DASH_EXTRACELLULAR,1,,FALSE,FALSE,0
D_DASH_Xylose,1,,FALSE,FALSE,0
ETHNITe_c,1,,FALSE,FALSE,0
ETHe_c,1,,FALSE,FALSE,0
ETOH_CCO_DASH_EXTRACELLULAR,1,,FALSE,FALSE,0
FERROCYTOCHROME_DASH_B5,1,,FALSE,FALSE,0
FLGN,1,,FALSE,FALSE,0
FMNe_c,1,,FALSE,FALSE,0
FORMATE_CCO_DASH_EXTRACELLULAR,1,,FALSE,FALSE,0
FORe_c,1,,FALSE,FALSE,0
FRUe_c,1,,FALSE,FALSE,0
FUM_CCO_DASH_EXTRACELLULAR,1,,FALSE,FALSE,0
FUMe_c,1,,FALSE,FALSE,0
GABAe_c,1,,FALSE,FALSE,0
GALACTOSE_CCO_DASH_EXTRACELLULAR,1,,FALSE,FALSE,0
GALN14LAC,1,,FALSE,FALSE,0
GALUNTe_c,1,,FALSE,FALSE,0
GDP_CCO_DASH_EXTRACELLULAR,1,,FALSE,FALSE,0
GLACe_c,1,,FALSE,FALSE,0
GLCN15LACe_c,1,,FALSE,FALSE,0
GLCNTe_c,1,,FALSE,FALSE,0
GLCNe_c,1,,FALSE,FALSE,0
GLC_CCO_DASH_EXTRACELLULAR,1,,FALSE,FALSE,0
GLCe_c,1,,FALSE,FALSE,0
GLN_CCO_DASH_EXTRACELLULAR,1,,FALSE,FALSE,0
GLNe_c,1,,FALSE,FALSE,0
GLT_CCO_DASH_EXTRACELLULAR,1,,FALSE,FALSE,0
GLUCONATE_CCO_DASH_EXTRACELLULAR,1,,FALSE,FALSE,0
GLUTARATE_CCO_DASH_EXTRACELLULAR,1,,FALSE,FALSE,0
GLUe_c,1,,FALSE,FALSE,0
GLYAe_c,1,,FALSE,FALSE,0
GLYCERALD_CCO_DASH_EXTRACELLULAR,1,,FALSE,FALSE,0
GLYCEROL_CCO_DASH_EXTRACELLULAR,1,,FALSE,FALSE,0
GLYCOGENe_c,1,,FALSE,FALSE,0
GLYCYLGLYCINE_CCO_DASH_EXTRACELLULAR,1,,FALSE,FALSE,0
GLY_CCO_DASH_EXTRACELLULAR,1,,FALSE,FALSE,0
GLYe_c,1,,FALSE,FALSE,0
GLe_c,1,,FALSE,FALSE,0
GNe_c,1,,FALSE,FALSE,0
GTP_CCO_DASH_EXTRACELLULAR,1,,FALSE,FALSE,0
GUANINE_CCO_DASH_EXTRACELLULAR,1,,FALSE,FALSE,0
H2O2e_c,1,,FALSE,FALSE,0
H2Oe_c,1,,FALSE,FALSE,0
H2SO3e_c,1,,FALSE,FALSE,0
H2Se_c,1,,FALSE,FALSE,0
HCO3_CCO_DASH_EXTRACELLULAR,1,,FALSE,FALSE,0
HCYSe_c,1,,FALSE,FALSE,0
HIS_CCO_DASH_EXTRACELLULAR,1,,FALSE,FALSE,0
HISe_c,1,,FALSE,FALSE,0
HNO2e_c,1,,FALSE,FALSE,0
HNO3e_c,1,,FALSE,FALSE,0
HOMO_DASH_CYS_CCO_DASH_EXTRACELLULAR,1,,FALSE,FALSE,0
HOMO_DASH_SER_CCO_DASH_EXTRACELLULAR,1,,FALSE,FALSE,0
HYPOXANTHINE_CCO_DASH_EXTRACELLULAR,1,,FALSE,FALSE,0
HYXNe_c,1,,FALSE,FALSE,0
ICITe_c,1,,FALSE,FALSE,0
IDOLe_c,1,,FALSE,FALSE,0
ILEe_c,1,,FALSE,FALSE,0
INDOLE_ACETATE_AUXIN_CCO_DASH_EXTRACELLULAR,1,,FALSE,FALSE,0
INDOLE_CCO_DASH_EXTRACELLULAR,1,,FALSE,FALSE,0
IPNe_c,1,,FALSE,FALSE,0
LACTOSE_CCO_DASH_EXTRACELLULAR,1,,FALSE,FALSE,0
LACTe_c,1,,FALSE,FALSE,0
LAOLe_c,1,,FALSE,FALSE,0
LARABe_c,1,,FALSE,FALSE,0
LEU_CCO_DASH_EXTRACELLULAR,1,,FALSE,FALSE,0
LEUe_c,1,,FALSE,FALSE,0
LIP4SUGT,1,,FALSE,FALSE,0
LLACe_c,1,,FALSE,FALSE,0
LRLe_c,1,,FALSE,FALSE,0
LYS_CCO_DASH_EXTRACELLULAR,1,,FALSE,FALSE,0
LYSe_c,1,,FALSE,FALSE,0
L_DASH_ALPHA_DASH_ALANINE_CCO_DASH_EXTRACELLULAR,1,,FALSE,FALSE,0
L_DASH_ARABINOSE,1,,FALSE,FALSE,0
L_DASH_ASPARTATE_CCO_DASH_EXTRACELLULAR,1,,FALSE,FALSE,0
L_DASH_CITRULLINE_CCO_DASH_EXTRACELLULAR,1,,FALSE,FALSE,0
L_DASH_CYSTATHIONINE_CCO_DASH_EXTRACELLULAR,1,,FALSE,FALSE,0
L_DASH_KYNURENINE_CCO_DASH_EXTRACELLULAR,1,,FALSE,FALSE,0
L_DASH_ORNITHINE_CCO_DASH_EXTRACELLULAR,1,,FALSE,FALSE,0
L_DASH_XYLULOSE_CCO_DASH_EXTRACELLULAR,1,,FALSE,FALSE,0
LalaDglu,1,,FALSE,FALSE,0
LalaLglu,1,,FALSE,FALSE,0
MALTOSE_CCO_DASH_EXTRACELLULAR,1,,FALSE,FALSE,0
MALTOTETRAOSE_CCO_DASH_EXTRACELLULAR,1,,FALSE,FALSE,0
MALTOTRIOSE_CCO_DASH_EXTRACELLULAR,1,,FALSE,FALSE,0
MAL_CCO_DASH_EXTRACELLULAR,1,,FALSE,FALSE,0
MALe_c,1,,FALSE,FALSE,0
MANNANe_c,1,,FALSE,FALSE,0
MANNITOL_CCO_DASH_EXTRACELLULAR,1,,FALSE,FALSE,0
MANNOSE,1,,FALSE,FALSE,0
MANe_c,1,,FALSE,FALSE,0
MELIBIOSE_CCO_DASH_EXTRACELLULAR,1,,FALSE,FALSE,0
MELIe_c,1,,FALSE,FALSE,0
METHOLe_c,1,,FALSE,FALSE,0
MET_CCO_DASH_EXTRACELLULAR,1,,FALSE,FALSE,0
METe_c,1,,FALSE,FALSE,0
MLTIOSEe_c,1,,FALSE,FALSE,0
MLTe_c,1,,FALSE,FALSE,0
MNTe_c,1,,FALSE,FALSE,0
MNXM1021,1,,TRUE,TRUE,1
MNXM1021_c,1,,FALSE,FALSE,0
MNXM1031,1,,TRUE,TRUE,1
MNXM1037,1,,TRUE,TRUE,1
MNXM104029,1,,TRUE,TRUE,1
MNXM1043_c,1,,FALSE,FALSE,0
MNXM105788,1,,TRUE,TRUE,1
MNXM1075,1,,TRUE,TRUE,1
MNXM107505_c,1,,FALSE,FALSE,0
MNXM10798,1,,TRUE,TRUE,1
MNXM107_c,1,,FALSE,FALSE,0
MNXM1081,1,,TRUE,TRUE,1
MNXM10816,1,,TRUE,TRUE,1
MNXM1088,1,,TRUE,TRUE,1
MNXM1089795,1,,TRUE,TRUE,1
MNXM1089820,1,,TRUE,TRUE,1
MNXM1089862,1,,TRUE,TRUE,1
MNXM1089866,1,,TRUE,TRUE,1
MNXM108_c,1,,FALSE,FALSE,0
MNXM1091608,1,,TRUE,TRUE,1
MNXM1091950,1,,TRUE,TRUE,1
MNXM1091982,1,,TRUE,TRUE,1
MNXM1092518_c,1,,FALSE,FALSE,0
MNXM1092627,1,,TRUE,TRUE,1
MNXM1092973,1,,TRUE,TRUE,1
MNXM1093018,1,,TRUE,TRUE,1
MNXM1093314,1,,TRUE,TRUE,1
MNXM1094078,1,,TRUE,TRUE,1
MNXM1094693_c,1,,FALSE,FALSE,0
MNXM1100309,1,,TRUE,TRUE,1
MNXM1100310,1,,TRUE,TRUE,1
MNXM1100354,1,,TRUE,TRUE,1
MNXM1100356,1,,TRUE,TRUE,1
MNXM1100391,1,,TRUE,TRUE,1
MNXM1100400,1,,TRUE,TRUE,1
MNXM1100613,1,,TRUE,TRUE,1
MNXM1100738,1,,TRUE,TRUE,1
MNXM1100741,1,,TRUE,TRUE,1
MNXM1100781,1,,TRUE,TRUE,1
MNXM1100782,1,,TRUE,TRUE,1
MNXM1100960,1,,TRUE,TRUE,1
MNXM1100969,1,,TRUE,TRUE,1
MNXM1101143,1,,TRUE,TRUE,1
MNXM1101285,1,,TRUE,TRUE,1
MNXM1101868,1,,TRUE,TRUE,1
MNXM1102325,1,,TRUE,TRUE,1
MNXM1102419,1,,TRUE,TRUE,1
MNXM1102441_c,1,,FALSE,FALSE,0
MNXM1102734,1,,TRUE,TRUE,1
MNXM1103302,1,,TRUE,TRUE,1
MNXM1103458,1,,TRUE,TRUE,1
MNXM1103786,1,,TRUE,TRUE,1
MNXM1103817,1,,TRUE,TRUE,1
MNXM1103924,1,,TRUE,TRUE,1
MNXM1103964,1,,TRUE,TRUE,1
MNXM1104385,1,,TRUE,TRUE,1
MNXM1104432,1,,TRUE,TRUE,1
MNXM1104491,1,,TRUE,TRUE,1
MNXM1104543,1,,TRUE,TRUE,1
MNXM1104551,1,,TRUE,TRUE,1
MNXM1104754,1,,TRUE,TRUE,1
MNXM1104802_c,1,,FALSE,FALSE,0
MNXM1104823,1,,TRUE,TRUE,1
MNXM1104918,1,,TRUE,TRUE,1
MNXM1104965,1,,TRUE,TRUE,1
MNXM1105025,1,,TRUE,TRUE,1
MNXM1105057,1,,TRUE,TRUE,1
MNXM1105736,1,,TRUE,TRUE,1
MNXM1105804,1,,TRUE,TRUE,1
MNXM1105855,1,,TRUE,TRUE,1
MNXM1105856,1,,TRUE,TRUE,1
MNXM1105933,1,,TRUE,TRUE,1
MNXM1106001,1,,TRUE,TRUE,1
MNXM1106046,1,,TRUE,TRUE,1
MNXM1106689,1,,TRUE,TRUE,1
MNXM1106760_c,1,,FALSE,FALSE,0
MNXM1106798_c,1,,FALSE,FALSE,0
MNXM1107418,1,,TRUE,TRUE,1
MNXM1107824,1,,TRUE,TRUE,1
MNXM1107874,1,,TRUE,TRUE,1
MNXM1107929,1,,TRUE,TRUE,1
MNXM1107997,1,,TRUE,TRUE,1
MNXM1108021,1,,TRUE,TRUE,1
MNXM1108069,1,,TRUE,TRUE,1
MNXM1108302,1,,TRUE,TRUE,1
MNXM1108387,1,,TRUE,TRUE,1
MNXM1115,1,,TRUE,TRUE,1
MNXM112_c,1,,FALSE,FALSE,0
MNXM1133,1,,TRUE,TRUE,1
MNXM1133941,1,,TRUE,TRUE,1
MNXM1134601,1,,TRUE,TRUE,1
MNXM1136254,1,,TRUE,TRUE,1
MNXM1137656,1,,TRUE,TRUE,1
MNXM1137687,1,,TRUE,TRUE,1
MNXM114034,1,,TRUE,TRUE,1
MNXM114217,1,,TRUE,TRUE,1
MNXM1148_c,1,,FALSE,FALSE,0
MNXM114_c,1,,FALSE,FALSE,0
MNXM115,1,,TRUE,TRUE,1
MNXM1157,1,,TRUE,TRUE,1
MNXM1157_c,1,,FALSE,FALSE,0
MNXM11643,1,,TRUE,TRUE,1
MNXM1165,1,,TRUE,TRUE,1
MNXM11708,1,,TRUE,TRUE,1
MNXM11799,1,,TRUE,TRUE,1
MNXM11802,1,,TRUE,TRUE,1
MNXM11814_c,1,,FALSE,FALSE,0
MNXM118_c,1,,FALSE,FALSE,0
MNXM11903,1,,TRUE,TRUE,1
MNXM1226,1,,TRUE,TRUE,1
MNXM1231,1,,TRUE,TRUE,1
MNXM1233_c,1,,FALSE,FALSE,0
MNXM1243,1,,TRUE,TRUE,1
MNXM124_c,1,,FALSE,FALSE,0
MNXM1255,1,,TRUE,TRUE,1
MNXM12597,1,,TRUE,TRUE,1
MNXM1264,1,,TRUE,TRUE,1
MNXM12651,1,,TRUE,TRUE,1
MNXM1275_c,1,,FALSE,FALSE,0
MNXM128792,1,,TRUE,TRUE,1
MNXM128_c,1,,FALSE,FALSE,0
MNXM131_c,1,,FALSE,FALSE,0
MNXM13204,1,,TRUE,TRUE,1
MNXM1321,1,,TRUE,TRUE,1
MNXM13289,1,,TRUE,TRUE,1
MNXM134_c,1,,FALSE,FALSE,0
MNXM1363616,1,,TRUE,TRUE,1
MNXM1363693,1,,TRUE,TRUE,1
MNXM1364069,1,,TRUE,TRUE,1
MNXM1364158,1,,TRUE,TRUE,1
MNXM1364163,1,,TRUE,TRUE,1
MNXM1364245,1,,TRUE,TRUE,1
MNXM1364246,1,,TRUE,TRUE,1
MNXM1364248,1,,TRUE,TRUE,1
MNXM1364475,1,,TRUE,TRUE,1
MNXM1364482,1,,TRUE,TRUE,1
MNXM1364583,1,,TRUE,TRUE,1
MNXM1364596,1,,TRUE,TRUE,1
MNXM1364766,1,,TRUE,TRUE,1
MNXM1365101,1,,TRUE,TRUE,1
MNXM1369181,1,,TRUE,TRUE,1
MNXM1369184,1,,TRUE,TRUE,1
MNXM1369194_c,1,,FALSE,FALSE,0
MNXM1369394,1,,TRUE,TRUE,1
MNXM1369639,1,,TRUE,TRUE,1
MNXM1369648_c,1,,FALSE,FALSE,0
MNXM1369704,1,,TRUE,TRUE,1
MNXM1369759_c,1,,FALSE,FALSE,0
MNXM1369806,1,,TRUE,TRUE,1
MNXM1370094,1,,TRUE,TRUE,1
MNXM1370229_c,1,,FALSE,FALSE,0
MNXM1370306_c,1,,FALSE,FALSE,0
MNXM1370307,1,,TRUE,TRUE,1
MNXM1370309,1,,TRUE,TRUE,1
MNXM1371097,1,,TRUE,TRUE,1
MNXM1371099,1,,TRUE,TRUE,1
MNXM1371298,1,,TRUE,TRUE,1
MNXM1371614,1,,TRUE,TRUE,1
MNXM1372067,1,,TRUE,TRUE,1
MNXM1372180,1,,TRUE,TRUE,1
MNXM1372217,1,,TRUE,TRUE,1
MNXM1372243,1,,TRUE,TRUE,1
MNXM1372277,1,,TRUE,TRUE,1
MNXM1372278,1,,TRUE,TRUE,1
MNXM1372293,1,,TRUE,TRUE,1
MNXM1372479,1,,TRUE,TRUE,1
MNXM1372831,1,,TRUE,TRUE,1
MNXM1372909,1,,TRUE,TRUE,1
MNXM1372910,1,,TRUE,TRUE,1
MNXM1373318,1,,TRUE,TRUE,1
MNXM1373405,1,,TRUE,TRUE,1
MNXM1373900,1,,TRUE,TRUE,1
MNXM1392,1,,TRUE,TRUE,1
MNXM13_c,1,,FALSE,FALSE,0
MNXM1401,1,,TRUE,TRUE,1
MNXM1401_c,1,,FALSE,FALSE,0
MNXM1422,1,,TRUE,TRUE,1
MNXM142_c,1,,FALSE,FALSE,0
MNXM144_c,1,,FALSE,FALSE,0
MNXM145540,1,,TRUE,TRUE,1
MNXM1456,1,,TRUE,TRUE,1
MNXM145797,1,,TRUE,TRUE,1
MNXM145806,1,,TRUE,TRUE,1
MNXM145923,1,,TRUE,TRUE,1
MNXM145924,1,,TRUE,TRUE,1
MNXM145924_c,1,,FALSE,FALSE,0
MNXM146231,1,,TRUE,TRUE,1
MNXM146231_c,1,,FALSE,FALSE,0
MNXM146314,1,,TRUE,TRUE,1
MNXM146388_c,1,,FALSE,FALSE,0
MNXM146424,1,,TRUE,TRUE,1
MNXM146425,1,,TRUE,TRUE,1
MNXM146529_c,1,,FALSE,FALSE,0
MNXM146530_c,1,,FALSE,FALSE,0
MNXM146567_c,1,,FALSE,FALSE,0
MNXM146568_c,1,,FALSE,FALSE,0
MNXM146569_c,1,,FALSE,FALSE,0
MNXM146570_c,1,,FALSE,FALSE,0
MNXM146654_c,1,,FALSE,FALSE,0
MNXM146921,1,,TRUE,TRUE,1
MNXM147063,1,,TRUE,TRUE,1
MNXM147102,1,,TRUE,TRUE,1
MNXM147104,1,,TRUE,TRUE,1
MNXM147106,1,,TRUE,TRUE,1
MNXM147133,1,,TRUE,TRUE,1
MNXM147334,1,,TRUE,TRUE,1
MNXM147384,1,,TRUE,TRUE,1
MNXM147425,1,,TRUE,TRUE,1
MNXM147436,1,,TRUE,TRUE,1
MNXM147448,1,,TRUE,TRUE,1
MNXM147471,1,,TRUE,TRUE,1
MNXM147532,1,,TRUE,TRUE,1
MNXM147533,1,,TRUE,TRUE,1
MNXM147611,1,,TRUE,TRUE,1
MNXM147612,1,,TRUE,TRUE,1
MNXM147618,1,,TRUE,TRUE,1
MNXM147619,1,,TRUE,TRUE,1
MNXM147761,1,,TRUE,TRUE,1
MNXM147821,1,,TRUE,TRUE,1
MNXM147_c,1,,FALSE,FALSE,0
MNXM148015,1,,TRUE,TRUE,1
MNXM148045,1,,TRUE,TRUE,1
MNXM148069,1,,TRUE,TRUE,1
MNXM148080,1,,TRUE,TRUE,1
MNXM148081,1,,TRUE,TRUE,1
MNXM148128,1,,TRUE,TRUE,1
MNXM148129,1,,TRUE,TRUE,1
MNXM148228,1,,TRUE,TRUE,1
MNXM148263,1,,TRUE,TRUE,1
MNXM148271,1,,TRUE,TRUE,1
MNXM148289,1,,TRUE,TRUE,1
MNXM148292,1,,TRUE,TRUE,1
MNXM148361,1,,TRUE,TRUE,1
MNXM148369,1,,TRUE,TRUE,1
MNXM148417,1,,TRUE,TRUE,1
MNXM148511,1,,TRUE,TRUE,1
MNXM148512,1,,TRUE,TRUE,1
MNXM148556,1,,TRUE,TRUE,1
MNXM148557,1,,TRUE,TRUE,1
MNXM1485_c,1,,FALSE,FALSE,0
MNXM1486,1,,TRUE,TRUE,1
MNXM149042,1,,TRUE,TRUE,1
MNXM1492,1,,TRUE,TRUE,1
MNXM149207,1,,TRUE,TRUE,1
MNXM150,1,,TRUE,TRUE,1
MNXM152,1,,TRUE,TRUE,1
MNXM152361,1,,TRUE,TRUE,1
MNXM153067,1,,TRUE,TRUE,1
MNXM15349,1,,TRUE,TRUE,1
MNXM1542255,1,,TRUE,TRUE,1
MNXM1543096,1,,TRUE,TRUE,1
MNXM1543234,1,,TRUE,TRUE,1
MNXM1543236,1,,TRUE,TRUE,1
MNXM1543641,1,,TRUE,TRUE,1
MNXM1543954,1,,TRUE,TRUE,1
MNXM1547_c,1,,FALSE,FALSE,0
MNXM156_c,1,,FALSE,FALSE,0
MNXM157161,1,,TRUE,TRUE,1
MNXM157161_c,1,,FALSE,FALSE,0
MNXM15883,1,,TRUE,TRUE,1
MNXM159630,1,,TRUE,TRUE,1
MNXM1608_c,1,,FALSE,FALSE,0
MNXM161,1,,TRUE,TRUE,1
MNXM162,1,,TRUE,TRUE,1
MNXM162252,1,,TRUE,TRUE,1
MNXM162260_c,1,,FALSE,FALSE,0
MNXM162270,1,,TRUE,TRUE,1
MNXM162349,1,,TRUE,TRUE,1
MNXM162425,1,,TRUE,TRUE,1
MNXM162502,1,,TRUE,TRUE,1
MNXM162533,1,,TRUE,TRUE,1
MNXM162682,1,,TRUE,TRUE,1
MNXM163364,1,,TRUE,TRUE,1
MNXM1634,1,,TRUE,TRUE,1
MNXM1634_c,1,,FALSE,FALSE,0
MNXM163520,1,,TRUE,TRUE,1
MNXM163568,1,,TRUE,TRUE,1
MNXM163729,1,,TRUE,TRUE,1
MNXM163758,1,,TRUE,TRUE,1
MNXM163766,1,,TRUE,TRUE,1
MNXM163786,1,,TRUE,TRUE,1
MNXM163786_c,1,,FALSE,FALSE,0
MNXM1639,1,,TRUE,TRUE,1
MNXM16413,1,,TRUE,TRUE,1
MNXM164563,1,,TRUE,TRUE,1
MNXM164616,1,,TRUE,TRUE,1
MNXM164771,1,,TRUE,TRUE,1
MNXM164_c,1,,FALSE,FALSE,0
MNXM1653_c,1,,FALSE,FALSE,0
MNXM165_c,1,,FALSE,FALSE,0
MNXM167899,1,,TRUE,TRUE,1
MNXM167_c,1,,FALSE,FALSE,0
MNXM169,1,,TRUE,TRUE,1
MNXM1692_c,1,,FALSE,FALSE,0
MNXM1698,1,,TRUE,TRUE,1
MNXM17,1,,TRUE,TRUE,1
MNXM1734_c,1,,FALSE,FALSE,0
MNXM1742,1,,TRUE,TRUE,1
MNXM1747,1,,TRUE,TRUE,1
MNXM174_c,1,,FALSE,FALSE,0
MNXM1758,1,,TRUE,TRUE,1
MNXM175_c,1,,FALSE,FALSE,0
MNXM178,1,,TRUE,TRUE,1
MNXM1781_c,1,,FALSE,FALSE,0
MNXM1799,1,,TRUE,TRUE,1
MNXM1799_c,1,,FALSE,FALSE,0
MNXM179_c,1,,FALSE,FALSE,0
MNXM18038,1,,TRUE,TRUE,1
MNXM1812,1,,TRUE,TRUE,1
MNXM182_c,1,,FALSE,FALSE,0
MNXM1871_c,1,,FALSE,FALSE,0
MNXM1888,1,,TRUE,TRUE,1
MNXM189_c,1,,FALSE,FALSE,0
MNXM1929,1,,TRUE,TRUE,1
MNXM192_c,1,,FALSE,FALSE,0
MNXM1932,1,,TRUE,TRUE,1
MNXM196_c,1,,FALSE,FALSE,0
MNXM1984,1,,TRUE,TRUE,1
MNXM199_c,1,,FALSE,FALSE,0
MNXM1_c,1,,FALSE,FALSE,0
MNXM2026,1,,TRUE,TRUE,1
MNXM20337,1,,TRUE,TRUE,1
MNXM20415,1,,TRUE,TRUE,1
MNXM204_c,1,,FALSE,FALSE,0
MNXM205_c,1,,FALSE,FALSE,0
MNXM2074_c,1,,FALSE,FALSE,0
MNXM2081,1,,TRUE,TRUE,1
MNXM21,1,,TRUE,TRUE,1
MNXM212_c,1,,FALSE,FALSE,0
MNXM2138,1,,TRUE,TRUE,1
MNXM2160,1,,TRUE,TRUE,1
MNXM217_c,1,,FALSE,FALSE,0
MNXM218_c,1,,FALSE,FALSE,0
MNXM2212,1,,TRUE,TRUE,1
MNXM2227,1,,TRUE,TRUE,1
MNXM2228,1,,TRUE,TRUE,1
MNXM222_c,1,,FALSE,FALSE,0
MNXM2245,1,,TRUE,TRUE,1
MNXM2245_c,1,,FALSE,FALSE,0
MNXM2255_c,1,,FALSE,FALSE,0
MNXM2273,1,,TRUE,TRUE,1
MNXM227_c,1,,FALSE,FALSE,0
MNXM2282_c,1,,FALSE,FALSE,0
MNXM228_c,1,,FALSE,FALSE,0
MNXM229,1,,TRUE,TRUE,1
MNXM230,1,,TRUE,TRUE,1
MNXM231_c,1,,FALSE,FALSE,0
MNXM2330,1,,TRUE,TRUE,1
MNXM2342,1,,TRUE,TRUE,1
MNXM2356,1,,TRUE,TRUE,1
MNXM235_c,1,,FALSE,FALSE,0
MNXM236_c,1,,FALSE,FALSE,0
MNXM23_c,1,,FALSE,FALSE,0
MNXM2403,1,,TRUE,TRUE,1
MNXM2403_c,1,,FALSE,FALSE,0
MNXM2495,1,,TRUE,TRUE,1
MNXM2531,1,,TRUE,TRUE,1
MNXM254_c,1,,FALSE,FALSE,0
MNXM2555,1,,TRUE,TRUE,1
MNXM2555_c,1,,FALSE,FALSE,0
MNXM258,1,,TRUE,TRUE,1
MNXM25_c,1,,FALSE,FALSE,0
MNXM266,1,,TRUE,TRUE,1
MNXM2683_c,1,,FALSE,FALSE,0
MNXM26_c,1,,FALSE,FALSE,0
MNXM270_c,1,,FALSE,FALSE,0
MNXM2785,1,,TRUE,TRUE,1
MNXM27_c,1,,FALSE,FALSE,0
MNXM2806_c,1,,FALSE,FALSE,0
MNXM2813,1,,TRUE,TRUE,1
MNXM282_c,1,,FALSE,FALSE,0
MNXM285_c,1,,FALSE,FALSE,0
MNXM287,1,,TRUE,TRUE,1
MNXM289_c,1,,FALSE,FALSE,0
MNXM291_c,1,,FALSE,FALSE,0
MNXM293_c,1,,FALSE,FALSE,0
MNXM299,1,,TRUE,TRUE,1
MNXM2999,1,,TRUE,TRUE,1
MNXM29_c,1,,FALSE,FALSE,0
MNXM2_c,1,,FALSE,FALSE,0
MNXM30,1,,TRUE,TRUE,1
MNXM300,1,,TRUE,TRUE,1
MNXM3005,1,,TRUE,TRUE,1
MNXM3040,1,,TRUE,TRUE,1
MNXM304_c,1,,FALSE,FALSE,0
MNXM3060,1,,TRUE,TRUE,1
MNXM3060_c,1,,FALSE,FALSE,0
MNXM306_c,1,,FALSE,FALSE,0
MNXM3085,1,,TRUE,TRUE,1
MNXM3094,1,,TRUE,TRUE,1
MNXM3132,1,,TRUE,TRUE,1
MNXM3132_c,1,,FALSE,FALSE,0
MNXM323_c,1,,FALSE,FALSE,0
MNXM328_c,1,,FALSE,FALSE,0
MNXM3297,1,,TRUE,TRUE,1
MNXM33,1,,TRUE,TRUE,1
MNXM3300,1,,TRUE,TRUE,1
MNXM3300_c,1,,FALSE,FALSE,0
MNXM3304,1,,TRUE,TRUE,1
MNXM333,1,,TRUE,TRUE,1
MNXM334_c,1,,FALSE,FALSE,0
MNXM336,1,,TRUE,TRUE,1
MNXM3370,1,,TRUE,TRUE,1
MNXM3382_c,1,,FALSE,FALSE,0
MNXM339,1,,TRUE,TRUE,1
MNXM341_c,1,,FALSE,FALSE,0
MNXM345,1,,TRUE,TRUE,1
MNXM3509,1,,TRUE,TRUE,1
MNXM3516,1,,TRUE,TRUE,1
MNXM353_c,1,,FALSE,FALSE,0
MNXM3542,1,,TRUE,TRUE,1
MNXM36,1,,TRUE,TRUE,1
MNXM3630,1,,TRUE,TRUE,1
MNXM3633,1,,TRUE,TRUE,1
MNXM36331,1,,TRUE,TRUE,1
MNXM364_c,1,,FALSE,FALSE,0
MNXM3673_c,1,,FALSE,FALSE,0
MNXM3685,1,,TRUE,TRUE,1
MNXM3685_c,1,,FALSE,FALSE,0
MNXM37116,1,,TRUE,TRUE,1
MNXM3777,1,,TRUE,TRUE,1
MNXM378,1,,TRUE,TRUE,1
MNXM378_c,1,,FALSE,FALSE,0
MNXM37_c,1,,FALSE,FALSE,0
MNXM38,1,,TRUE,TRUE,1
MNXM3817,1,,TRUE,TRUE,1
MNXM383_c,1,,FALSE,FALSE,0
MNXM3866,1,,TRUE,TRUE,1
MNXM389,1,,TRUE,TRUE,1
MNXM3919,1,,TRUE,TRUE,1
MNXM395,1,,TRUE,TRUE,1
MNXM4002,1,,TRUE,TRUE,1
MNXM40073,1,,TRUE,TRUE,1
MNXM401_c,1,,FALSE,FALSE,0
MNXM4026,1,,TRUE,TRUE,1
MNXM4026_c,1,,FALSE,FALSE,0
MNXM4069,1,,TRUE,TRUE,1
MNXM4102,1,,TRUE,TRUE,1
MNXM41030,1,,TRUE,TRUE,1
MNXM41472,1,,TRUE,TRUE,1
MNXM416,1,,TRUE,TRUE,1
MNXM419_c,1,,FALSE,FALSE,0
MNXM4217,1,,TRUE,TRUE,1
MNXM4217_c,1,,FALSE,FALSE,0
MNXM422,1,,TRUE,TRUE,1
MNXM42463,1,,TRUE,TRUE,1
MNXM4270,1,,TRUE,TRUE,1
MNXM433,1,,TRUE,TRUE,1
MNXM4339,1,,TRUE,TRUE,1
MNXM439,1,,TRUE,TRUE,1
MNXM4428_c,1,,FALSE,FALSE,0
MNXM45246,1,,TRUE,TRUE,1
MNXM4548,1,,TRUE,TRUE,1
MNXM457,1,,TRUE,TRUE,1
MNXM458_c,1,,FALSE,FALSE,0
MNXM46302,1,,TRUE,TRUE,1
MNXM464,1,,TRUE,TRUE,1
MNXM46_c,1,,FALSE,FALSE,0
MNXM473_c,1,,FALSE,FALSE,0
MNXM47483,1,,TRUE,TRUE,1
MNXM4752,1,,TRUE,TRUE,1
MNXM47647,1,,TRUE,TRUE,1
MNXM479,1,,TRUE,TRUE,1
MNXM48446,1,,TRUE,TRUE,1
MNXM48464_c,1,,FALSE,FALSE,0
MNXM48488,1,,TRUE,TRUE,1
MNXM485_c,1,,FALSE,FALSE,0
MNXM488555,1,,TRUE,TRUE,1
MNXM491,1,,TRUE,TRUE,1
MNXM498,1,,TRUE,TRUE,1
MNXM50671,1,,TRUE,TRUE,1
MNXM51,1,,TRUE,TRUE,1
MNXM5116,1,,TRUE,TRUE,1
MNXM5165,1,,TRUE,TRUE,1
MNXM5169,1,,TRUE,TRUE,1
MNXM5183,1,,TRUE,TRUE,1
MNXM52,1,,TRUE,TRUE,1
MNXM52342,1,,TRUE,TRUE,1
MNXM52466,1,,TRUE,TRUE,1
MNXM526203,1,,TRUE,TRUE,1
MNXM528,1,,TRUE,TRUE,1
MNXM529_c,1,,FALSE,FALSE,0
MNXM531639,1,,TRUE,TRUE,1
MNXM531896,1,,TRUE,TRUE,1
MNXM533_c,1,,FALSE,FALSE,0
MNXM53428,1,,TRUE,TRUE,1
MNXM53489,1,,TRUE,TRUE,1
MNXM5389,1,,TRUE,TRUE,1
MNXM53947,1,,TRUE,TRUE,1
MNXM54068,1,,TRUE,TRUE,1
MNXM54897,1,,TRUE,TRUE,1
MNXM55183,1,,TRUE,TRUE,1
MNXM55261,1,,TRUE,TRUE,1
MNXM55269,1,,TRUE,TRUE,1
MNXM55732,1,,TRUE,TRUE,1
MNXM559,1,,TRUE,TRUE,1
MNXM562,1,,TRUE,TRUE,1
MNXM562_c,1,,FALSE,FALSE,0
MNXM5703,1,,TRUE,TRUE,1
MNXM573,1,,TRUE,TRUE,1
MNXM57348,1,,TRUE,TRUE,1
MNXM573_c,1,,FALSE,FALSE,0
MNXM5749,1,,TRUE,TRUE,1
MNXM577,1,,TRUE,TRUE,1
MNXM5788,1,,TRUE,TRUE,1
MNXM581,1,,TRUE,TRUE,1
MNXM582_c,1,,FALSE,FALSE,0
MNXM588594,1,,TRUE,TRUE,1
MNXM58987,1,,TRUE,TRUE,1
MNXM58_c,1,,FALSE,FALSE,0
MNXM59271,1,,TRUE,TRUE,1
MNXM597,1,,TRUE,TRUE,1
MNXM598,1,,TRUE,TRUE,1
MNXM602_c,1,,FALSE,FALSE,0
MNXM61025_c,1,,FALSE,FALSE,0
MNXM61028,1,,TRUE,TRUE,1
MNXM61032,1,,TRUE,TRUE,1
MNXM61095,1,,TRUE,TRUE,1
MNXM61143_c,1,,FALSE,FALSE,0
MNXM615_c,1,,FALSE,FALSE,0
MNXM61606,1,,TRUE,TRUE,1
MNXM61743,1,,TRUE,TRUE,1
MNXM617_c,1,,FALSE,FALSE,0
MNXM61843_c,1,,FALSE,FALSE,0
MNXM621_c,1,,FALSE,FALSE,0
MNXM625_c,1,,FALSE,FALSE,0
MNXM63081,1,,TRUE,TRUE,1
MNXM632_c,1,,FALSE,FALSE,0
MNXM635,1,,TRUE,TRUE,1
MNXM636,1,,TRUE,TRUE,1
MNXM639,1,,TRUE,TRUE,1
MNXM6409,1,,TRUE,TRUE,1
MNXM6439,1,,TRUE,TRUE,1
MNXM644,1,,TRUE,TRUE,1
MNXM64550,1,,TRUE,TRUE,1
MNXM65002,1,,TRUE,TRUE,1
MNXM652,1,,TRUE,TRUE,1
MNXM65309,1,,TRUE,TRUE,1
MNXM653_c,1,,FALSE,FALSE,0
MNXM65458,1,,TRUE,TRUE,1
MNXM6568,1,,TRUE,TRUE,1
MNXM659,1,,TRUE,TRUE,1
MNXM660_c,1,,FALSE,FALSE,0
MNXM664_c,1,,FALSE,FALSE,0
MNXM66_c,1,,FALSE,FALSE,0
MNXM670_c,1,,FALSE,FALSE,0
MNXM6781,1,,TRUE,TRUE,1
MNXM683_c,1,,FALSE,FALSE,0
MNXM687_c,1,,FALSE,FALSE,0
MNXM694_c,1,,FALSE,FALSE,0
MNXM7016_c,1,,FALSE,FALSE,0
MNXM7099,1,,TRUE,TRUE,1
MNXM7102,1,,TRUE,TRUE,1
MNXM713_c,1,,FALSE,FALSE,0
MNXM7191,1,,TRUE,TRUE,1
MNXM7209,1,,TRUE,TRUE,1
MNXM722715,1,,TRUE,TRUE,1
MNXM722742,1,,TRUE,TRUE,1
MNXM722749,1,,TRUE,TRUE,1
MNXM722752,1,,TRUE,TRUE,1
MNXM722779,1,,TRUE,TRUE,1
MNXM722856,1,,TRUE,TRUE,1
MNXM722983,1,,TRUE,TRUE,1
MNXM722983_c,1,,FALSE,FALSE,0
MNXM722992,1,,TRUE,TRUE,1
MNXM724960,1,,TRUE,TRUE,1
MNXM725459,1,,TRUE,TRUE,1
MNXM725911,1,,TRUE,TRUE,1
MNXM725920,1,,TRUE,TRUE,1
MNXM726090_c,1,,FALSE,FALSE,0
MNXM726122_c,1,,FALSE,FALSE,0
MNXM726339_c,1,,FALSE,FALSE,0
MNXM726440,1,,TRUE,TRUE,1
MNXM726553,1,,TRUE,TRUE,1
MNXM726573_c,1,,FALSE,FALSE,0
MNXM726637_c,1,,FALSE,FALSE,0
MNXM726677,1,,TRUE,TRUE,1
MNXM726710_c,1,,FALSE,FALSE,0
MNXM726712,1,,TRUE,TRUE,1
MNXM726863,1,,TRUE,TRUE,1
MNXM726879,1,,TRUE,TRUE,1
MNXM726885,1,,TRUE,TRUE,1
MNXM726888_c,1,,FALSE,FALSE,0
MNXM726890,1,,TRUE,TRUE,1
MNXM726951,1,,TRUE,TRUE,1
MNXM726951_c,1,,FALSE,FALSE,0
MNXM727011,1,,TRUE,TRUE,1
MNXM727101,1,,TRUE,TRUE,1
MNXM727122,1,,TRUE,TRUE,1
MNXM727217,1,,TRUE,TRUE,1
MNXM727276,1,,TRUE,TRUE,1
MNXM727315,1,,TRUE,TRUE,1
MNXM727347,1,,TRUE,TRUE,1
MNXM727408,1,,TRUE,TRUE,1
MNXM727691,1,,TRUE,TRUE,1
MNXM727692_c,1,,FALSE,FALSE,0
MNXM727697,1,,TRUE,TRUE,1
MNXM727700,1,,TRUE,TRUE,1
MNXM727738,1,,TRUE,TRUE,1
MNXM727755,1,,TRUE,TRUE,1
MNXM727786,1,,TRUE,TRUE,1
MNXM727814,1,,TRUE,TRUE,1
MNXM727821,1,,TRUE,TRUE,1
MNXM727871_c,1,,FALSE,FALSE,0
MNXM727997,1,,TRUE,TRUE,1
MNXM728029_c,1,,FALSE,FALSE,0
MNXM728067,1,,TRUE,TRUE,1
MNXM728101,1,,TRUE,TRUE,1
MNXM728239,1,,TRUE,TRUE,1
MNXM728259,1,,TRUE,TRUE,1
MNXM728330,1,,TRUE,TRUE,1
MNXM728393_c,1,,FALSE,FALSE,0
MNXM728394,1,,TRUE,TRUE,1
MNXM728399,1,,TRUE,TRUE,1
MNXM728418,1,,TRUE,TRUE,1
MNXM728506,1,,TRUE,TRUE,1
MNXM728703,1,,TRUE,TRUE,1
MNXM728722,1,,TRUE,TRUE,1
MNXM728782,1,,TRUE,TRUE,1
MNXM728841,1,,TRUE,TRUE,1
MNXM728945,1,,TRUE,TRUE,1
MNXM728946,1,,TRUE,TRUE,1
MNXM728946_c,1,,FALSE,FALSE,0
MNXM729036,1,,TRUE,TRUE,1
MNXM729037,1,,TRUE,TRUE,1
MNXM729094,1,,TRUE,TRUE,1
MNXM729103,1,,TRUE,TRUE,1
MNXM729132,1,,TRUE,TRUE,1
MNXM729150,1,,TRUE,TRUE,1
MNXM729214_c,1,,FALSE,FALSE,0
MNXM729259,1,,TRUE,TRUE,1
MNXM729434,1,,TRUE,TRUE,1
MNXM729594_c,1,,FALSE,FALSE,0
MNXM729610,1,,TRUE,TRUE,1
MNXM729616,1,,TRUE,TRUE,1
MNXM729618,1,,TRUE,TRUE,1
MNXM729619,1,,TRUE,TRUE,1
MNXM729662,1,,TRUE,TRUE,1
MNXM729799_c,1,,FALSE,FALSE,0
MNXM729800,1,,TRUE,TRUE,1
MNXM729869,1,,TRUE,TRUE,1
MNXM729971,1,,TRUE,TRUE,1
MNXM730078,1,,TRUE,TRUE,1
MNXM730135_c,1,,FALSE,FALSE,0
MNXM730185,1,,TRUE,TRUE,1
MNXM730213,1,,TRUE,TRUE,1
MNXM730228,1,,TRUE,TRUE,1
MNXM730229,1,,TRUE,TRUE,1
MNXM730251,1,,TRUE,TRUE,1
MNXM730254,1,,TRUE,TRUE,1
MNXM730292,1,,TRUE,TRUE,1
MNXM730390,1,,TRUE,TRUE,1
MNXM730394,1,,TRUE,TRUE,1
MNXM730514,1,,TRUE,TRUE,1
MNXM730514_c,1,,FALSE,FALSE,0
MNXM730578,1,,TRUE,TRUE,1
MNXM730587,1,,TRUE,TRUE,1
MNXM730705,1,,TRUE,TRUE,1
MNXM730807,1,,TRUE,TRUE,1
MNXM730842,1,,TRUE,TRUE,1
MNXM730869,1,,TRUE,TRUE,1
MNXM730881,1,,TRUE,TRUE,1
MNXM730893,1,,TRUE,TRUE,1
MNXM731078,1,,TRUE,TRUE,1
MNXM731086,1,,TRUE,TRUE,1
MNXM731097,1,,TRUE,TRUE,1
MNXM731107,1,,TRUE,TRUE,1
MNXM731112,1,,TRUE,TRUE,1
MNXM731117,1,,TRUE,TRUE,1
MNXM731183,1,,TRUE,TRUE,1
MNXM731264,1,,TRUE,TRUE,1
MNXM731284,1,,TRUE,TRUE,1
MNXM731383,1,,TRUE,TRUE,1
MNXM731553,1,,TRUE,TRUE,1
MNXM731666,1,,TRUE,TRUE,1
MNXM731667_c,1,,FALSE,FALSE,0
MNXM731835,1,,TRUE,TRUE,1
MNXM731838,1,,TRUE,TRUE,1
MNXM731841,1,,TRUE,TRUE,1
MNXM731896,1,,TRUE,TRUE,1
MNXM731949,1,,TRUE,TRUE,1
MNXM731951,1,,TRUE,TRUE,1
MNXM731953,1,,TRUE,TRUE,1
MNXM731959,1,,TRUE,TRUE,1
MNXM731962,1,,TRUE,TRUE,1
MNXM73204,1,,TRUE,TRUE,1
MNXM73204_c,1,,FALSE,FALSE,0
MNXM732104,1,,TRUE,TRUE,1
MNXM732197,1,,TRUE,TRUE,1
MNXM732202_c,1,,FALSE,FALSE,0
MNXM732239,1,,TRUE,TRUE,1
MNXM732243,1,,TRUE,TRUE,1
MNXM732274,1,,TRUE,TRUE,1
MNXM732284,1,,TRUE,TRUE,1
MNXM732398_c,1,,FALSE,FALSE,0
MNXM732399,1,,TRUE,TRUE,1
MNXM732458,1,,TRUE,TRUE,1
MNXM732487_c,1,,FALSE,FALSE,0
MNXM732513,1,,TRUE,TRUE,1
MNXM732623,1,,TRUE,TRUE,1
MNXM732707,1,,TRUE,TRUE,1
MNXM732730_c,1,,FALSE,FALSE,0
MNXM732757,1,,TRUE,TRUE,1
MNXM732766,1,,TRUE,TRUE,1
MNXM732767,1,,TRUE,TRUE,1
MNXM732784,1,,TRUE,TRUE,1
MNXM732901,1,,TRUE,TRUE,1
MNXM732914_c,1,,FALSE,FALSE,0
MNXM732918,1,,TRUE,TRUE,1
MNXM732923,1,,TRUE,TRUE,1
MNXM732961_c,1,,FALSE,FALSE,0
MNXM732989,1,,TRUE,TRUE,1
MNXM732991,1,,TRUE,TRUE,1
MNXM733114_c,1,,FALSE,FALSE,0
MNXM733142,1,,TRUE,TRUE,1
MNXM733156,1,,TRUE,TRUE,1
MNXM733261,1,,TRUE,TRUE,1
MNXM733323,1,,TRUE,TRUE,1
MNXM733618_c,1,,FALSE,FALSE,0
MNXM733622,1,,TRUE,TRUE,1
MNXM733647,1,,TRUE,TRUE,1
MNXM733673,1,,TRUE,TRUE,1
MNXM733691,1,,TRUE,TRUE,1
MNXM733731,1,,TRUE,TRUE,1
MNXM733733,1,,TRUE,TRUE,1
MNXM733743,1,,TRUE,TRUE,1
MNXM733828,1,,TRUE,TRUE,1
MNXM733831,1,,TRUE,TRUE,1
MNXM733979,1,,TRUE,TRUE,1
MNXM733981_c,1,,FALSE,FALSE,0
MNXM733982,1,,TRUE,TRUE,1
MNXM734122,1,,TRUE,TRUE,1
MNXM734271,1,,TRUE,TRUE,1
MNXM734335,1,,TRUE,TRUE,1
MNXM734573_c,1,,FALSE,FALSE,0
MNXM734799,1,,TRUE,TRUE,1
MNXM734836,1,,TRUE,TRUE,1
MNXM734837_c,1,,FALSE,FALSE,0
MNXM734859,1,,TRUE,TRUE,1
MNXM734903,1,,TRUE,TRUE,1
MNXM734927,1,,TRUE,TRUE,1
MNXM734941_c,1,,FALSE,FALSE,0
MNXM735003,1,,TRUE,TRUE,1
MNXM735042,1,,TRUE,TRUE,1
MNXM735090_c,1,,FALSE,FALSE,0
MNXM735207_c,1,,FALSE,FALSE,0
MNXM735258,1,,TRUE,TRUE,1
MNXM735264,1,,TRUE,TRUE,1
MNXM735266_c,1,,FALSE,FALSE,0
MNXM735308,1,,TRUE,TRUE,1
MNXM735376,1,,TRUE,TRUE,1
MNXM735437_c,1,,FALSE,FALSE,0
MNXM7354_c,1,,FALSE,FALSE,0
MNXM735618,1,,TRUE,TRUE,1
MNXM735619,1,,TRUE,TRUE,1
MNXM735623_c,1,,FALSE,FALSE,0
MNXM735656,1,,TRUE,TRUE,1
MNXM735691,1,,TRUE,TRUE,1
MNXM735836,1,,TRUE,TRUE,1
MNXM735837_c,1,,FALSE,FALSE,0
MNXM735937,1,,TRUE,TRUE,1
MNXM735978_c,1,,FALSE,FALSE,0
MNXM736072,1,,TRUE,TRUE,1
MNXM736096,1,,TRUE,TRUE,1
MNXM736134_c,1,,FALSE,FALSE,0
MNXM736149,1,,TRUE,TRUE,1
MNXM736300,1,,TRUE,TRUE,1
MNXM736340_c,1,,FALSE,FALSE,0
MNXM736483,1,,TRUE,TRUE,1
MNXM736486,1,,TRUE,TRUE,1
MNXM736634,1,,TRUE,TRUE,1
MNXM736635_c,1,,FALSE,FALSE,0
MNXM736654,1,,TRUE,TRUE,1
MNXM736685_c,1,,FALSE,FALSE,0
MNXM736709,1,,TRUE,TRUE,1
MNXM736874,1,,TRUE,TRUE,1
MNXM737266,1,,TRUE,TRUE,1
MNXM737312,1,,TRUE,TRUE,1
MNXM737430,1,,TRUE,TRUE,1
MNXM737603_c,1,,FALSE,FALSE,0
MNXM737715,1,,TRUE,TRUE,1
MNXM737723,1,,TRUE,TRUE,1
MNXM737786_c,1,,FALSE,FALSE,0
MNXM737961,1,,TRUE,TRUE,1
MNXM737997,1,,TRUE,TRUE,1
MNXM738067_c,1,,FALSE,FALSE,0
MNXM7381,1,,TRUE,TRUE,1
MNXM738130,1,,TRUE,TRUE,1
MNXM738131,1,,TRUE,TRUE,1
MNXM738151,1,,TRUE,TRUE,1
MNXM738155,1,,TRUE,TRUE,1
MNXM738320_c,1,,FALSE,FALSE,0
MNXM738357,1,,TRUE,TRUE,1
MNXM738411,1,,TRUE,TRUE,1
MNXM738430_c,1,,FALSE,FALSE,0
MNXM738486,1,,TRUE,TRUE,1
MNXM738494,1,,TRUE,TRUE,1
MNXM738499,1,,TRUE,TRUE,1
MNXM738533,1,,TRUE,TRUE,1
MNXM738569,1,,TRUE,TRUE,1
MNXM738601,1,,TRUE,TRUE,1
MNXM738620,1,,TRUE,TRUE,1
MNXM738753,1,,TRUE,TRUE,1
MNXM738781,1,,TRUE,TRUE,1
MNXM738803_c,1,,FALSE,FALSE,0
MNXM738834_c,1,,FALSE,FALSE,0
MNXM738846,1,,TRUE,TRUE,1
MNXM738847,1,,TRUE,TRUE,1
MNXM738877,1,,TRUE,TRUE,1
MNXM738926,1,,TRUE,TRUE,1
MNXM739272_c,1,,FALSE,FALSE,0
MNXM739462,1,,TRUE,TRUE,1
MNXM739526_c,1,,FALSE,FALSE,0
MNXM739606,1,,TRUE,TRUE,1
MNXM739615,1,,TRUE,TRUE,1
MNXM739617,1,,TRUE,TRUE,1
MNXM739619,1,,TRUE,TRUE,1
MNXM739642,1,,TRUE,TRUE,1
MNXM739788_c,1,,FALSE,FALSE,0
MNXM739932,1,,TRUE,TRUE,1
MNXM739963_c,1,,FALSE,FALSE,0
MNXM74,1,,TRUE,TRUE,1
MNXM740100,1,,TRUE,TRUE,1
MNXM740486,1,,TRUE,TRUE,1
MNXM740643,1,,TRUE,TRUE,1
MNXM740695,1,,TRUE,TRUE,1
MNXM741124,1,,TRUE,TRUE,1
MNXM741172_c,1,,FALSE,FALSE,0
MNXM741199,1,,TRUE,TRUE,1
MNXM741335,1,,TRUE,TRUE,1
MNXM741395,1,,TRUE,TRUE,1
MNXM741410,1,,TRUE,TRUE,1
MNXM741466,1,,TRUE,TRUE,1
MNXM741485,1,,TRUE,TRUE,1
MNXM741543,1,,TRUE,TRUE,1
MNXM741543_c,1,,FALSE,FALSE,0
MNXM741562,1,,TRUE,TRUE,1
MNXM7416,1,,TRUE,TRUE,1
MNXM741663_c,1,,FALSE,FALSE,0
MNXM741809,1,,TRUE,TRUE,1
MNXM742028,1,,TRUE,TRUE,1
MNXM744_c,1,,FALSE,FALSE,0
MNXM7454_c,1,,FALSE,FALSE,0
MNXM750_c,1,,FALSE,FALSE,0
MNXM754_c,1,,FALSE,FALSE,0
MNXM75_c,1,,FALSE,FALSE,0
MNXM761_c,1,,FALSE,FALSE,0
MNXM762,1,,TRUE,TRUE,1
MNXM762_c,1,,FALSE,FALSE,0
MNXM7674,1,,TRUE,TRUE,1
MNXM7674_c,1,,FALSE,FALSE,0
MNXM76_c,1,,FALSE,FALSE,0
MNXM77,1,,TRUE,TRUE,1
MNXM7700,1,,TRUE,TRUE,1
MNXM77169,1,,TRUE,TRUE,1
MNXM773,1,,TRUE,TRUE,1
MNXM77597,1,,TRUE,TRUE,1
MNXM78182,1,,TRUE,TRUE,1
MNXM7948_c,1,,FALSE,FALSE,0
MNXM796,1,,TRUE,TRUE,1
MNXM79745,1,,TRUE,TRUE,1
MNXM803,1,,TRUE,TRUE,1
MNXM80952,1,,TRUE,TRUE,1
MNXM816,1,,TRUE,TRUE,1
MNXM816_c,1,,FALSE,FALSE,0
MNXM817,1,,TRUE,TRUE,1
MNXM818994,1,,TRUE,TRUE,1
MNXM82173,1,,TRUE,TRUE,1
MNXM8263_c,1,,FALSE,FALSE,0
MNXM8288,1,,TRUE,TRUE,1
MNXM8340_c,1,,FALSE,FALSE,0
MNXM8372,1,,TRUE,TRUE,1
MNXM8372_c,1,,FALSE,FALSE,0
MNXM84,1,,TRUE,TRUE,1
MNXM84011,1,,TRUE,TRUE,1
MNXM8509,1,,TRUE,TRUE,1
MNXM8595,1,,TRUE,TRUE,1
MNXM86,1,,TRUE,TRUE,1
MNXM8636,1,,TRUE,TRUE,1
MNXM8637,1,,TRUE,TRUE,1
MNXM8659,1,,TRUE,TRUE,1
MNXM8664_c,1,,FALSE,FALSE,0
MNXM8666,1,,TRUE,TRUE,1
MNXM8667_c,1,,FALSE,FALSE,0
MNXM8670_c,1,,FALSE,FALSE,0
MNXM8671,1,,TRUE,TRUE,1
MNXM8691,1,,TRUE,TRUE,1
MNXM8695,1,,TRUE,TRUE,1
MNXM87343,1,,TRUE,TRUE,1
MNXM874,1,,TRUE,TRUE,1
MNXM87584_c,1,,FALSE,FALSE,0
MNXM878,1,,TRUE,TRUE,1
MNXM880,1,,TRUE,TRUE,1
MNXM8825_c,1,,FALSE,FALSE,0
MNXM883_c,1,,FALSE,FALSE,0
MNXM88518,1,,TRUE,TRUE,1
MNXM8868_c,1,,FALSE,FALSE,0
MNXM889_c,1,,FALSE,FALSE,0
MNXM89160,1,,TRUE,TRUE,1
MNXM89563,1,,TRUE,TRUE,1
MNXM89582_c,1,,FALSE,FALSE,0
MNXM89594,1,,TRUE,TRUE,1
MNXM89612_c,1,,FALSE,FALSE,0
MNXM89661_c,1,,FALSE,FALSE,0
MNXM89690,1,,TRUE,TRUE,1
MNXM8975,1,,TRUE,TRUE,1
MNXM89779,1,,TRUE,TRUE,1
MNXM89851,1,,TRUE,TRUE,1
MNXM89_c,1,,FALSE,FALSE,0
MNXM90127,1,,TRUE,TRUE,1
MNXM90191,1,,TRUE,TRUE,1
MNXM90242,1,,TRUE,TRUE,1
MNXM90242_c,1,,FALSE,FALSE,0
MNXM90270,1,,TRUE,TRUE,1
MNXM90364,1,,TRUE,TRUE,1
MNXM90412_c,1,,FALSE,FALSE,0
MNXM90461,1,,TRUE,TRUE,1
MNXM90545,1,,TRUE,TRUE,1
MNXM90580,1,,TRUE,TRUE,1
MNXM90673,1,,TRUE,TRUE,1
MNXM90755,1,,TRUE,TRUE,1
MNXM90823,1,,TRUE,TRUE,1
MNXM90827_c,1,,FALSE,FALSE,0
MNXM90941,1,,TRUE,TRUE,1
MNXM90960_c,1,,FALSE,FALSE,0
MNXM90975,1,,TRUE,TRUE,1
MNXM90_c,1,,FALSE,FALSE,0
MNXM91126_c,1,,FALSE,FALSE,0
MNXM91259,1,,TRUE,TRUE,1
MNXM91318,1,,TRUE,TRUE,1
MNXM91413,1,,TRUE,TRUE,1
MNXM91597,1,,TRUE,TRUE,1
MNXM91617,1,,TRUE,TRUE,1
MNXM91871,1,,TRUE,TRUE,1
MNXM92,1,,TRUE,TRUE,1
MNXM92167,1,,TRUE,TRUE,1
MNXM922,1,,TRUE,TRUE,1
MNXM9227,1,,TRUE,TRUE,1
MNXM92305,1,,TRUE,TRUE,1
MNXM92326,1,,TRUE,TRUE,1
MNXM92401,1,,TRUE,TRUE,1
MNXM9242,1,,TRUE,TRUE,1
MNXM9247,1,,TRUE,TRUE,1
MNXM925,1,,TRUE,TRUE,1
MNXM92713,1,,TRUE,TRUE,1
MNXM936,1,,TRUE,TRUE,1
MNXM936_c,1,,FALSE,FALSE,0
MNXM9370,1,,TRUE,TRUE,1
MNXM93813,1,,TRUE,TRUE,1
MNXM93_c,1,,FALSE,FALSE,0
MNXM94790,1,,TRUE,TRUE,1
MNXM94_c,1,,FALSE,FALSE,0
MNXM95_c,1,,FALSE,FALSE,0
MNXM96432,1,,TRUE,TRUE,1
MNXM96435,1,,TRUE,TRUE,1
MNXM96437,1,,TRUE,TRUE,1
MNXM96567,1,,TRUE,TRUE,1
MNXM96973,1,,TRUE,TRUE,1
MNXM96994,1,,TRUE,TRUE,1
MNXM970_c,1,,FALSE,FALSE,0
MNXM97101,1,,TRUE,TRUE,1
MNXM97166,1,,TRUE,TRUE,1
MNXM975,1,,TRUE,TRUE,1
MNXM97535,1,,TRUE,TRUE,1
MNXM97613_c,1,,FALSE,FALSE,0
MNXM982_c,1,,FALSE,FALSE,0
MNXM985,1,,TRUE,TRUE,1
MNXM98606,1,,TRUE,TRUE,1
MNXM98_c,1,,FALSE,FALSE,0
MNXM997,1,,TRUE,TRUE,1
MNXM999,1,,TRUE,TRUE,1
MNXM99_c,1,,FALSE,FALSE,0
MNXM9_c,1,,FALSE,FALSE,0
MYOIe_c,1,,FALSE,FALSE,0
MYO_DASH_INOSITOL_CCO_DASH_EXTRACELLULAR,1,,FALSE,FALSE,0
Mannans,1,,FALSE,FALSE,0
NAGe_c,1,,FALSE,FALSE,0
NH3e_c,1,,FALSE,FALSE,0
NIACINAMIDE_CCO_DASH_EXTRACELLULAR,1,,FALSE,FALSE,0
NIACINE_CCO_DASH_EXTRACELLULAR,1,,FALSE,FALSE,0
NICDe_c,1,,FALSE,FALSE,0
NIG,1,,FALSE,FALSE,0
NITRATE_CCO_DASH_EXTRACELLULAR,1,,FALSE,FALSE,0
NITRITE_CCO_DASH_EXTRACELLULAR,1,,FALSE,FALSE,0
N_DASH_ACETYL_DASH_D_DASH_GLUCOSAMINE_DASH_1_DASH_P_CCO_DASH_EXTRACELLULAR,1,,FALSE,FALSE,0
Nucleosides,1,,FALSE,FALSE,0
O2e_c,1,,FALSE,FALSE,0
OAe_c,1,,FALSE,FALSE,0
OH_CCO_DASH_EXTRACELLULAR,1,,FALSE,FALSE,0
OPCe_c,1,,FALSE,FALSE,0
ORNe_c,1,,FALSE,FALSE,0
OXALACETIC_ACID_CCO_DASH_EXTRACELLULAR,1,,FALSE,FALSE,0
OXALe_c,1,,FALSE,FALSE,0
OXYGEN_DASH_MOLECULE_CCO_DASH_EXTRACELLULAR,1,,FALSE,FALSE,0
PAAe_c,1,,FALSE,FALSE,0
PABAe_c,1,,FALSE,FALSE,0
PANTOTHENATE_CCO_DASH_EXTRACELLULAR,1,,FALSE,FALSE,0
PA_KDO2lipidA,1,,FALSE,FALSE,0
PECTATEe_c,1,,FALSE,FALSE,0
PENARTe_c,1,,FALSE,FALSE,0
PENDFe_c,1,,FALSE,FALSE,0
PENGAe_c,1,,FALSE,FALSE,0
PENGe_c,1,,FALSE,FALSE,0
PENKe_c,1,,FALSE,FALSE,0
PENVAe_c,1,,FALSE,FALSE,0
PENVe_c,1,,FALSE,FALSE,0
PHE_CCO_DASH_EXTRACELLULAR,1,,FALSE,FALSE,0
PHEe_c,1,,FALSE,FALSE,0
PIe_c,1,,FALSE,FALSE,0
PLIPIDSe_c,1,,FALSE,FALSE,0
POAe_c,1,,FALSE,FALSE,0
PROPIONATE_CCO_DASH_EXTRACELLULAR,1,,FALSE,FALSE,0
PROPe_c,1,,FALSE,FALSE,0
PROTON_CCO_DASH_EXTRACELLULAR,1,,FALSE,FALSE,0
PRO_CCO_DASH_EXTRACELLULAR,1,,FALSE,FALSE,0
PROe_c,1,,FALSE,FALSE,0
PURINE_CCO_DASH_EXTRACELLULAR,1,,FALSE,FALSE,0
PYRUVATE_CCO_DASH_EXTRACELLULAR,1,,FALSE,FALSE,0
PYRe_c,1,,FALSE,FALSE,0
P_DASH_AMINO_DASH_BENZOATE_CCO_DASH_EXTRACELLULAR,1,,FALSE,FALSE,0
Pi_CCO_DASH_EXTRACELLULAR,1,,FALSE,FALSE,0
QUINATE_CCO_DASH_EXTRACELLULAR,1,,FALSE,FALSE,0
QUINOLINATE_CCO_DASH_EXTRACELLULAR,1,,FALSE,FALSE,0
QUINe_c,1,,FALSE,FALSE,0
R3hdec4e,1,,FALSE,FALSE,0
RAFFe_c,1,,FALSE,FALSE,0
RGTe_c,1,,FALSE,FALSE,0
RIBOFLAVIN_CCO_DASH_EXTRACELLULAR,1,,FALSE,FALSE,0
RIBe_c,1,,FALSE,FALSE,0
R_3h4atba,1,,FALSE,FALSE,0
R_3h6atha,1,,FALSE,FALSE,0
R_3hcmrs7e,1,,FALSE,FALSE,0
R_3hdcaa,1,,FALSE,FALSE,0
R_3hdd5ea,1,,FALSE,FALSE,0
R_3hdd5ea_c,1,,FALSE,FALSE,0
R_3hdd6e,1,,FALSE,FALSE,0
R_3hdda,1,,FALSE,FALSE,0
R_3hhdca,1,,FALSE,FALSE,0
R_3hhpa,1,,FALSE,FALSE,0
R_3hhxa,1,,FALSE,FALSE,0
R_3hnonaa,1,,FALSE,FALSE,0
R_3hocta,1,,FALSE,FALSE,0
R_3hpba,1,,FALSE,FALSE,0
R_3hpdeca,1,,FALSE,FALSE,0
R_3hphpa,1,,FALSE,FALSE,0
R_3hphpa_c,1,,FALSE,FALSE,0
R_3hphxa,1,,FALSE,FALSE,0
R_3hpnona,1,,FALSE,FALSE,0
R_3hpocta,1,,FALSE,FALSE,0
R_3hpocta_c,1,,FALSE,FALSE,0
R_3hppta,1,,FALSE,FALSE,0
R_3hppta_c,1,,FALSE,FALSE,0
R_3hpt,1,,FALSE,FALSE,0
R_3htd58e,1,,FALSE,FALSE,0
R_3htd5e,1,,FALSE,FALSE,0
R_3httdca,1,,FALSE,FALSE,0
Red_DASH_NADPH_DASH_Hemoprotein_DASH_Reductases,1,,FALSE,FALSE,0
S2O3_CCO_DASH_EXTRACELLULAR,1,,FALSE,FALSE,0
SER_CCO_DASH_EXTRACELLULAR,1,,FALSE,FALSE,0
SERe_c,1,,FALSE,FALSE,0
SLFe_c,1,,FALSE,FALSE,0
SO3_CCO_DASH_EXTRACELLULAR,1,,FALSE,FALSE,0
SORBITOL_CCO_DASH_EXTRACELLULAR,1,,FALSE,FALSE,0
SORe_c,1,,FALSE,FALSE,0
SPERMIDINE_CCO_DASH_EXTRACELLULAR,1,,FALSE,FALSE,0
SPMYLIN,1,,FALSE,FALSE,0
STARe_c,1,,FALSE,FALSE,0
SUCCe_c,1,,FALSE,FALSE,0
SUCROSE_CCO_DASH_EXTRACELLULAR,1,,FALSE,FALSE,0
SUCe_c,1,,FALSE,FALSE,0
SULFATE_CCO_DASH_EXTRACELLULAR,1,,FALSE,FALSE,0
Se_c,1,,FALSE,FALSE,0
THMEe_c,1,,FALSE,FALSE,0
THR_CCO_DASH_EXTRACELLULAR,1,,FALSE,FALSE,0
THRe_c,1,,FALSE,FALSE,0
TREHALOSE_CCO_DASH_EXTRACELLULAR,1,,FALSE,FALSE,0
TREe_c,1,,FALSE,FALSE,0
TRP_CCO_DASH_EXTRACELLULAR,1,,FALSE,FALSE,0
TRPe_c,1,,FALSE,FALSE,0
TYR_CCO_DASH_EXTRACELLULAR,1,,FALSE,FALSE,0
TYRe_c,1,,FALSE,FALSE,0
UDP_DASH_GALACTOSE_CCO_DASH_EXTRACELLULAR,1,,FALSE,FALSE,0
URACIL_CCO_DASH_EXTRACELLULAR,1,,FALSE,FALSE,0
URAe_c,1,,FALSE,FALSE,0
UREA_CCO_DASH_EXTRACELLULAR,1,,FALSE,FALSE,0
UREAe_c,1,,FALSE,FALSE,0
URIe_c,1,,FALSE,FALSE,0
VALe_c,1,,FALSE,FALSE,0
WATER_CCO_DASH_EXTRACELLULAR,1,,FALSE,FALSE,0
XANe_c,1,,FALSE,FALSE,0
XOLe_c,1,,FALSE,FALSE,0
XYLANe_c,1,,FALSE,FALSE,0
XYLITOL_CCO_DASH_EXTRACELLULAR,1,,FALSE,FALSE,0
XYLOSE_CCO_DASH_EXTRACELLULAR,1,,FALSE,FALSE,0
XYLe_c,1,,FALSE,FALSE,0
ab1eox,1,,FALSE,FALSE,0
ab1eoxg,1,,FALSE,FALSE,0
abg4_c,1,,FALSE,FALSE,0
abt__D,1,,FALSE,FALSE,0
abt_c,1,,FALSE,FALSE,0
ac,1,,FALSE,FALSE,1
acal,1,,FALSE,FALSE,0
acald,1,,FALSE,FALSE,0
accln,1,,FALSE,FALSE,0
acmtsoxin,1,,FALSE,FALSE,0
acpptrn,1,,FALSE,FALSE,0
act,1,,FALSE,FALSE,0
actn_DASH_R,1,,FALSE,FALSE,0
actn___R,1,,FALSE,FALSE,0
ahtd,1,,FALSE,FALSE,0
ala,1,,FALSE,FALSE,0
ala_L_thr__L_c,1,,FALSE,FALSE,0
ala__L_Thr__L,1,,FALSE,FALSE,0
ala__L_gln__L,1,,FALSE,FALSE,0
ala__L_his__L,1,,FALSE,FALSE,0
ala__L_leu__L,1,,FALSE,FALSE,0
ala_gln_c,1,,FALSE,FALSE,0
ala_his_c,1,,FALSE,FALSE,0
ala_leu_c,1,,FALSE,FALSE,0
alac_DASH_S,1,,FALSE,FALSE,0
alagly_c,1,,FALSE,FALSE,0
alahis,1,,FALSE,FALSE,0
alahis_c,1,,FALSE,FALSE,0
alaleu,1,,FALSE,FALSE,0
alaleu_c,1,,FALSE,FALSE,0
alathr,1,,FALSE,FALSE,0
alathr_c,1,,FALSE,FALSE,0
alatrp,1,,FALSE,FALSE,0
alatrp_c,1,,FALSE,FALSE,0
aldpme,1,,FALSE,FALSE,0
alg,1,,FALSE,FALSE,0
algac_MG_14,1,,FALSE,FALSE,0
algac_MG_23,1,,FALSE,FALSE,0
algac_MG_32,1,,FALSE,FALSE,0
algac_MG_41,1,,FALSE,FALSE,0
algac_MG_41_c,1,,FALSE,FALSE,0
algac__M,1,,FALSE,FALSE,0
algna,1,,FALSE,FALSE,0
amp,1,,FALSE,FALSE,0
apc,1,,FALSE,FALSE,0
apc_c,1,,FALSE,FALSE,0
arbt,1,,FALSE,FALSE,0
arg,1,,FALSE,FALSE,0
asn,1,,FALSE,FALSE,0
asn__D,1,,FALSE,FALSE,0
asp,1,,FALSE,FALSE,0
b2ox,1,,FALSE,FALSE,0
b34ox,1,,FALSE,FALSE,0
b45ox,1,,FALSE,FALSE,0
b78do,1,,FALSE,FALSE,0
bALAe_c,1,,FALSE,FALSE,0
bDGLCe_c,1,,FALSE,FALSE,0
balaala,1,,FALSE,FALSE,0
balabala,1,,FALSE,FALSE,0
balagly,1,,FALSE,FALSE,0
balaleu,1,,FALSE,FALSE,0
balamd,1,,FALSE,FALSE,0
benz,1,,FALSE,FALSE,0
bh2,1,,FALSE,FALSE,0
bh4,1,,FALSE,FALSE,0
biomass,1,,FALSE,FALSE,0
bmte,1,,FALSE,FALSE,0
bt,1,,FALSE,FALSE,0
btd_SS,1,,FALSE,FALSE,0
btd_meso,1,,FALSE,FALSE,0
btn,1,,FALSE,FALSE,0
buts,1,,FALSE,FALSE,0
buts_c,1,,FALSE,FALSE,0
butso3,1,,FALSE,FALSE,0
butso3_c,1,,FALSE,FALSE,0
bz,1,,FALSE,FALSE,0
c140,1,,FALSE,FALSE,0
c160,1,,FALSE,FALSE,0
c161,1,,FALSE,FALSE,0
c180,1,,FALSE,FALSE,0
c181,1,,FALSE,FALSE,0
c182,1,,FALSE,FALSE,0
c183_LPAREN_3_RPAREN_,1,,FALSE,FALSE,0
c183_LPAREN_6_RPAREN_,1,,FALSE,FALSE,0
c200,1,,FALSE,FALSE,0
c201,1,,FALSE,FALSE,0
c203_LPAREN_6_RPAREN_,1,,FALSE,FALSE,0
c204_LPAREN_3_RPAREN_,1,,FALSE,FALSE,0
c204_LPAREN_6_RPAREN_,1,,FALSE,FALSE,0
c205_LPAREN_3_RPAREN_,1,,FALSE,FALSE,0
c220,1,,FALSE,FALSE,0
c225_LPAREN_3_RPAREN_,1,,FALSE,FALSE,0
c226_LPAREN_3_RPAREN_,1,,FALSE,FALSE,0
c240,1,,FALSE,FALSE,0
c245_LPAREN_3_RPAREN_,1,,FALSE,FALSE,0
c246_LPAREN_3_RPAREN_,1,,FALSE,FALSE,0
c2da,1,,FALSE,FALSE,0
carbo,1,,FALSE,FALSE,0
cellb,1,,FALSE,FALSE,0
cellul,1,,FALSE,FALSE,0
cer,1,,FALSE,FALSE,0
ceth,1,,FALSE,FALSE,0
chib,1,,FALSE,FALSE,0
chit,1,,FALSE,FALSE,0
chito,1,,FALSE,FALSE,0
chlben,1,,FALSE,FALSE,0
chlphenol,1,,FALSE,FALSE,0
chtbs,1,,FALSE,FALSE,0
cit,1,,FALSE,FALSE,0
cln,1,,FALSE,FALSE,0
cm,1,,FALSE,FALSE,0
cmp,1,,FALSE,FALSE,0
co2,1,,FALSE,FALSE,1
colipa,1,,FALSE,FALSE,0
colipap,1,,FALSE,FALSE,0
corn,1,,FALSE,FALSE,0
cpd00001,1,,FALSE,FALSE,0
cpd00007,1,,FALSE,FALSE,0
cpd00009,1,,FALSE,FALSE,0
cpd00011,1,,FALSE,FALSE,0
cpd00012,1,,FALSE,FALSE,0
cpd00013,1,,FALSE,FALSE,0
cpd00023,1,,FALSE,FALSE,0
cpd00027,1,,FALSE,FALSE,0
cpd00033,1,,FALSE,FALSE,0
cpd00036,1,,FALSE,FALSE,0
cpd00039,1,,FALSE,FALSE,0
cpd00051,1,,FALSE,FALSE,0
cpd00054,1,,FALSE,FALSE,0
cpd00060,1,,FALSE,FALSE,0
cpd00064,1,,FALSE,FALSE,0
cpd00066,1,,FALSE,FALSE,0
cpd00067,1,,FALSE,FALSE,0
cpd00073,1,,FALSE,FALSE,0
cpd00076,1,,FALSE,FALSE,0
cpd00080,1,,FALSE,FALSE,0
cpd00082,1,,FALSE,FALSE,0
cpd00092,1,,FALSE,FALSE,0
cpd00099,1,,FALSE,FALSE,0
cpd00105,1,,FALSE,FALSE,0
cpd00107,1,,FALSE,FALSE,0
cpd00109x,1,,FALSE,FALSE,0
cpd00110x,1,,FALSE,FALSE,0
cpd00118,1,,FALSE,FALSE,0
cpd00119,1,,FALSE,FALSE,0
cpd00137,1,,FALSE,FALSE,0
cpd00176,1,,FALSE,FALSE,0
cpd00210,1,,FALSE,FALSE,0
cpd00224,1,,FALSE,FALSE,0
cpd00264,1,,FALSE,FALSE,0
cpd00281,1,,FALSE,FALSE,0
cpd00307,1,,FALSE,FALSE,0
cpd00516,1,,FALSE,FALSE,0
cpd00588,1,,FALSE,FALSE,0
cpd01048,1,,FALSE,FALSE,0
cpd01080,1,,FALSE,FALSE,0
cpd04098,1,,FALSE,FALSE,0
cpd11606,1,,FALSE,FALSE,0
cpd40000,1,,FALSE,FALSE,0
cpdBGLCN,1,,FALSE,FALSE,0
cpdEPS,1,,FALSE,FALSE,0
cpdFixed,1,,FALSE,FALSE,0
cpdMALT,1,,FALSE,FALSE,0
cpdNF,1,,FALSE,FALSE,0
cpdNodF,1,,FALSE,FALSE,0
cpdRHBC4,1,,FALSE,FALSE,0
cpkepox,1,,FALSE,FALSE,0
cpri,1,,FALSE,FALSE,0
crn__D,1,,FALSE,FALSE,0
cro2,1,,FALSE,FALSE,0
cs1,1,,FALSE,FALSE,0
cynt,1,,FALSE,FALSE,0
cys,1,,FALSE,FALSE,0
cysi__L,1,,FALSE,FALSE,0
d2one,1,,FALSE,FALSE,0
d3one,1,,FALSE,FALSE,0
d4one,1,,FALSE,FALSE,0
d6pgc,1,,FALSE,FALSE,0
d6pgl,1,,FALSE,FALSE,0
dag181d9,1,,FALSE,FALSE,0
dag181d9_c,1,,FALSE,FALSE,0
dag182d9d12,1,,FALSE,FALSE,0
dag182d9d12_c,1,,FALSE,FALSE,0
damp,1,,FALSE,FALSE,0
darg,1,,FALSE,FALSE,0
dbggly,1,,FALSE,FALSE,0
dca,1,,FALSE,FALSE,0
dcmp,1,,FALSE,FALSE,0
ddgly,1,,FALSE,FALSE,0
dex,1,,FALSE,FALSE,0
dfru,1,,FALSE,FALSE,0
dg,1,,FALSE,FALSE,0
dgacer,1,,FALSE,FALSE,0
dglc,1,,FALSE,FALSE,0
dgudbutn,1,,FALSE,FALSE,0
dhp,1,,FALSE,FALSE,0
dhps,1,,FALSE,FALSE,0
dihyde,1,,FALSE,FALSE,0
ditne,1,,FALSE,FALSE,0
dmanur,1,,FALSE,FALSE,0
dmso2,1,,FALSE,FALSE,0
dmso2_c,1,,FALSE,FALSE,0
dodec,1,,FALSE,FALSE,0
doris,1,,FALSE,FALSE,0
dorn,1,,FALSE,FALSE,0
doxrbcn,1,,FALSE,FALSE,0
dt,1,,FALSE,FALSE,0
dxylnt,1,,FALSE,FALSE,0
ecto__L,1,,FALSE,FALSE,0
entbactin,1,,FALSE,FALSE,0
eths_c,1,,FALSE,FALSE,0
ethso3_c,1,,FALSE,FALSE,0
ethy,1,,FALSE,FALSE,0
f,1,,FALSE,FALSE,0
fad,1,,FALSE,FALSE,0
fcoelchl,1,,FALSE,FALSE,0
fe3dcit,1,,FALSE,FALSE,0
fe3mcbtt,1,,FALSE,FALSE,0
fe3pyovd,1,,FALSE,FALSE,0
fe3pyovd_kt,1,,FALSE,FALSE,0
fe3pyovd_kt_c,1,,FALSE,FALSE,0
feenter,1,,FALSE,FALSE,0
feroxB,1,,FALSE,FALSE,0
feroxBfe,1,,FALSE,FALSE,0
feroxE,1,,FALSE,FALSE,0
feroxEfe,1,,FALSE,FALSE,0
fgt,1,,FALSE,FALSE,0
fkyn,1,,FALSE,FALSE,0
fmn,1,,FALSE,FALSE,0
for,1,,FALSE,FALSE,1
fuc_c,1,,FALSE,FALSE,0
fusa,1,,FALSE,FALSE,0
g,1,,FALSE,FALSE,0
g3pg,1,,FALSE,FALSE,0
gact,1,,FALSE,FALSE,0
gbbtn,1,,FALSE,FALSE,0
gc,1,,FALSE,FALSE,0
gl,1,,FALSE,FALSE,0
glacer,1,,FALSE,FALSE,0
glc_A,1,,FALSE,FALSE,0
glcnt,1,,FALSE,FALSE,0
glcur,1,,FALSE,FALSE,0
gleion,1,,FALSE,FALSE,0
gln,1,,FALSE,FALSE,0
glu,1,,FALSE,FALSE,0
glx,1,,FALSE,FALSE,0
gly_cys_c,1,,FALSE,FALSE,0
gly_gln_c,1,,FALSE,FALSE,0
gly_leu_c,1,,FALSE,FALSE,0
gly_met_c,1,,FALSE,FALSE,0
gly_phe_c,1,,FALSE,FALSE,0
gly_tyr_c,1,,FALSE,FALSE,0
glyc,1,,FALSE,FALSE,0
glycogen,1,,FALSE,FALSE,0
glycol,1,,FALSE,FALSE,0
glygln,1,,FALSE,FALSE,0
glygln_c,1,,FALSE,FALSE,0
glyglu,1,,FALSE,FALSE,0
glyglu_c,1,,FALSE,FALSE,0
glyglygln_c,1,,FALSE,FALSE,0
glymet,1,,FALSE,FALSE,0
glymet_c,1,,FALSE,FALSE,0
glyser,1,,FALSE,FALSE,0
glyser_c,1,,FALSE,FALSE,0
gm1lipa,1,,FALSE,FALSE,0
gm2lipa,1,,FALSE,FALSE,0
gn,1,,FALSE,FALSE,0
gsh,1,,FALSE,FALSE,0
guaiacol_c,1,,FALSE,FALSE,0
gudptn,1,,FALSE,FALSE,0
hbr,1,,FALSE,FALSE,0
hco3,1,,FALSE,FALSE,0
hemea,1,,FALSE,FALSE,0
hexdec,1,,FALSE,FALSE,0
hia_c,1,,FALSE,FALSE,0
his,1,,FALSE,FALSE,0
hisgly,1,,FALSE,FALSE,0
hisgly_c,1,,FALSE,FALSE,0
hishis,1,,FALSE,FALSE,0
hishis_c,1,,FALSE,FALSE,0
hisol,1,,FALSE,FALSE,0
hisolp,1,,FALSE,FALSE,0
hiura,1,,FALSE,FALSE,0
hno3,1,,FALSE,FALSE,0
houdhic,1,,FALSE,FALSE,0
hpta,1,,FALSE,FALSE,0
hpta_c,1,,FALSE,FALSE,0
hx,1,,FALSE,FALSE,0
ile,1,,FALSE,FALSE,0
inos,1,,FALSE,FALSE,0
ippp,1,,FALSE,FALSE,0
isetac_c,1,,FALSE,FALSE,0
isocap_c,1,,FALSE,FALSE,0
istfrnA_c,1,,FALSE,FALSE,0
istfrnB_c,1,,FALSE,FALSE,0
istnt_c,1,,FALSE,FALSE,0
lact,1,,FALSE,FALSE,0
ladhde,1,,FALSE,FALSE,0
larab,1,,FALSE,FALSE,0
leu,1,,FALSE,FALSE,0
leu__D,1,,FALSE,FALSE,0
lipa,1,,FALSE,FALSE,0
lipoate,1,,FALSE,FALSE,0
llac,1,,FALSE,FALSE,0
lpc,1,,FALSE,FALSE,0
lpspput,1,,FALSE,FALSE,0
lys,1,,FALSE,FALSE,0
lysglugly_c,1,,FALSE,FALSE,0
lyx___L,1,,FALSE,FALSE,0
m1055,1,,FALSE,FALSE,0
m1056,1,,FALSE,FALSE,0
m1057,1,,FALSE,FALSE,0
m1058,1,,FALSE,FALSE,0
m1059,1,,FALSE,FALSE,0
m1060,1,,FALSE,FALSE,0
m1061,1,,FALSE,FALSE,0
m1062,1,,FALSE,FALSE,0
m1063,1,,FALSE,FALSE,0
m1064,1,,FALSE,FALSE,0
m1065,1,,FALSE,FALSE,0
m1066,1,,FALSE,FALSE,0
m1067,1,,FALSE,FALSE,0
m1068,1,,FALSE,FALSE,0
m1069,1,,FALSE,FALSE,0
m1070,1,,FALSE,FALSE,0
m1071,1,,FALSE,FALSE,0
m1072,1,,FALSE,FALSE,0
m1073,1,,FALSE,FALSE,0
m1074,1,,FALSE,FALSE,0
magly,1,,FALSE,FALSE,0
mal,1,,FALSE,FALSE,0
malon,1,,FALSE,FALSE,0
manglyc,1,,FALSE,FALSE,0
manur,1,,FALSE,FALSE,0
meli,1,,FALSE,FALSE,0
mepn,1,,FALSE,FALSE,0
met,1,,FALSE,FALSE,0
metglcur,1,,FALSE,FALSE,0
metox_c,1,,FALSE,FALSE,0
metsox_S__L_c,1,,FALSE,FALSE,0
mincyc,1,,FALSE,FALSE,0
mlt,1,,FALSE,FALSE,0
mmyA,1,,FALSE,FALSE,0
mmyB,1,,FALSE,FALSE,0
mththf,1,,FALSE,FALSE,0
mtsoxin,1,,FALSE,FALSE,0
n2,1,,FALSE,FALSE,0
n2one,1,,FALSE,FALSE,0
na,1,,FALSE,FALSE,0
nag,1,,FALSE,FALSE,0
nar,1,,FALSE,FALSE,0
ncn,1,,FALSE,FALSE,0
nh4_c,1,,FALSE,FALSE,0
nicd,1,,FALSE,FALSE,0
nite,1,,FALSE,FALSE,0
nnr,1,,FALSE,FALSE,0
novbcn,1,,FALSE,FALSE,0
nphtl,1,,FALSE,FALSE,0
o16a4colipa,1,,FALSE,FALSE,0
o2,1,,FALSE,FALSE,1
o_xyl,1,,FALSE,FALSE,0
oa,1,,FALSE,FALSE,0
orn,1,,FALSE,FALSE,0
orn__L,1,,FALSE,FALSE,0
orn_c,1,,FALSE,FALSE,0
oxformate,1,,FALSE,FALSE,0
paa,1,,FALSE,FALSE,0
pacald,1,,FALSE,FALSE,0
pb2,1,,FALSE,FALSE,0
pc,1,,FALSE,FALSE,0
pca,1,,FALSE,FALSE,0
pcah2,1,,FALSE,FALSE,0
pcln,1,,FALSE,FALSE,0
pe,1,,FALSE,FALSE,0
pea,1,,FALSE,FALSE,0
pea_c,1,,FALSE,FALSE,0
peamn,1,,FALSE,FALSE,0
phe,1,,FALSE,FALSE,0
phe__D,1,,FALSE,FALSE,0
phedca,1,,FALSE,FALSE,0
phehpa,1,,FALSE,FALSE,0
phehpa_c,1,,FALSE,FALSE,0
phehxa,1,,FALSE,FALSE,0
phehxa_c,1,,FALSE,FALSE,0
phenol,1,,FALSE,FALSE,0
phenol_c,1,,FALSE,FALSE,0
phenona,1,,FALSE,FALSE,0
pheocta,1,,FALSE,FALSE,0
pheocta_c,1,,FALSE,FALSE,0
phept,1,,FALSE,FALSE,0
phept_c,1,,FALSE,FALSE,0
pnto,1,,FALSE,FALSE,0
pnto__R,1,,FALSE,FALSE,0
ppat_c,1,,FALSE,FALSE,0
ppmvl,1,,FALSE,FALSE,0
pptrn,1,,FALSE,FALSE,0
pqs,1,,FALSE,FALSE,0
prealg_MG_14,1,,FALSE,FALSE,0
prealg_MG_23,1,,FALSE,FALSE,0
prealg_MG_32,1,,FALSE,FALSE,0
prealg_MG_41,1,,FALSE,FALSE,0
prealginate__G,1,,FALSE,FALSE,0
pro,1,,FALSE,FALSE,0
progly,1,,FALSE,FALSE,0
prohisglu_c,1,,FALSE,FALSE,0
ps,1,,FALSE,FALSE,0
psuri,1,,FALSE,FALSE,0
ptsla,1,,FALSE,FALSE,0
ptsla_c,1,,FALSE,FALSE,0
pydam,1,,FALSE,FALSE,0
pydx,1,,FALSE,FALSE,0
pydxn,1,,FALSE,FALSE,0
pyo,1,,FALSE,FALSE,0
pyoh2,1,,FALSE,FALSE,0
pyovd,1,,FALSE,FALSE,0
pyovd_kt,1,,FALSE,FALSE,0
pyovd_kt_c,1,,FALSE,FALSE,0
quin,1,,FALSE,FALSE,0
raff,1,,FALSE,FALSE,0
raffin,1,,FALSE,FALSE,0
rbt,1,,FALSE,FALSE,0
rfamp,1,,FALSE,FALSE,0
rglutt,1,,FALSE,FALSE,0
rhmose,1,,FALSE,FALSE,0
rib,1,,FALSE,FALSE,0
rx,1,,FALSE,FALSE,0
s1h2gdne,1,,FALSE,FALSE,0
samob,1,,FALSE,FALSE,0
sbo3,1,,FALSE,FALSE,0
scb1,1,,FALSE,FALSE,0
scb2,1,,FALSE,FALSE,0
scb3,1,,FALSE,FALSE,0
segln,1,,FALSE,FALSE,0
sel,1,,FALSE,FALSE,0
ser,1,,FALSE,FALSE,0
serglugly_c,1,,FALSE,FALSE,0
sfgtn,1,,FALSE,FALSE,0
slf,1,,FALSE,FALSE,0
slfi,1,,FALSE,FALSE,0
slnt,1,,FALSE,FALSE,0
so2,1,,FALSE,FALSE,0
so3,1,,FALSE,FALSE,0
sot,1,,FALSE,FALSE,0
spmylin,1,,FALSE,FALSE,0
sq,1,,FALSE,FALSE,0
sr12ox,1,,FALSE,FALSE,0
srb__L,1,,FALSE,FALSE,0
stac,1,,FALSE,FALSE,0
star,1,,FALSE,FALSE,0
stfrnA_c,1,,FALSE,FALSE,0
stfrnB_c,1,,FALSE,FALSE,0
suc,1,,FALSE,FALSE,0
sula_c,1,,FALSE,FALSE,0
sulfac,1,,FALSE,FALSE,0
sulfac_c,1,,FALSE,FALSE,0
tag160_c,1,,FALSE,FALSE,0
tag180_c,1,,FALSE,FALSE,0
tag181d9,1,,FALSE,FALSE,0
tag181d9_c,1,,FALSE,FALSE,0
tag182d9d12,1,,FALSE,FALSE,0
tag182d9d12_c,1,,FALSE,FALSE,0
tagly,1,,FALSE,FALSE,0
tartr__D,1,,FALSE,FALSE,0
tcynt,1,,FALSE,FALSE,0
tetdec,1,,FALSE,FALSE,0
thr,1,,FALSE,FALSE,0
tmanur,1,,FALSE,FALSE,0
tnt,1,,FALSE,FALSE,0
tnt_c,1,,FALSE,FALSE,0
trp,1,,FALSE,FALSE,0
ttdca,1,,FALSE,FALSE,0
ttrcyc,1,,FALSE,FALSE,0
tungs,1,,FALSE,FALSE,0
tyr,1,,FALSE,FALSE,0
tyr__D,1,,FALSE,FALSE,0
uacgam,1,,FALSE,FALSE,0
udcpdp,1,,FALSE,FALSE,0
udcpp,1,,FALSE,FALSE,0
udpgal,1,,FALSE,FALSE,0
udpglcur,1,,FALSE,FALSE,0
und2one,1,,FALSE,FALSE,0
unknown_DASH_cbl1deg,1,,FALSE,FALSE,0
unknown_DASH_rbfdeg,1,,FALSE,FALSE,0
urate,1,,FALSE,FALSE,0
val,1,,FALSE,FALSE,0
val__D,1,,FALSE,FALSE,0
val__D_c,1,,FALSE,FALSE,0
vb2,1,,FALSE,FALSE,0
vb6,1,,FALSE,FALSE,0
xtsine,1,,FALSE,FALSE,0
xyl,1,,FALSE,FALSE,0
xylt,1,,FALSE,FALSE,0
ycpk,1,,FALSE,FALSE,0
zn2,1,,FALSE,FALSE,0
