orig_met,without_compartment,new_met,new_met_out,compartment,conversion_successful,conversion_type,encoding_issues_fixed,database_sources
5dh4dglc[c],5dh4dglc,MNXM854,MNXM854[c],c,TRUE,MetanetX conversion,FALSE,"metanetx, bigg, seed, kegg, chebi"
10fthf[c],10fthf,MNXM237,MNXM237[c],c,TRUE,MetanetX conversion,FALSE,"metanetx, bigg, seed, kegg, chebi"
5hbzid[c],5hbzid,MNXM6924,MNXM6924[c],c,TRUE,MetanetX conversion,FALSE,"metanetx, bigg, seed"
5mta[c],5mta,MNXM150,MNXM150[c],c,TRUE,MetanetX conversion,FALSE,"metanetx, bigg, seed, kegg, chebi"
5mthf[c],5mthf,MNXM733947,MNXM733947[c],c,TRUE,MetanetX conversion,FALSE,"metanetx, bigg, seed, kegg, chebi"
12dgr120[c],12dgr120,MNXM4939,MNXM4939[c],c,TRUE,MetanetX conversion,FALSE,"metanetx, bigg"
5mtr[c],5mtr,MNXM729971,MNXM729971[c],c,TRUE,MetanetX conversion,FALSE,"metanetx, bigg, seed, kegg, chebi"
5prdmbz[c],5prdmbz,MNXM1224,MNXM1224[c],c,TRUE,MetanetX conversion,FALSE,"metanetx, bigg, seed, kegg, chebi"
12dgr140[c],12dgr140,MNXM2902,MNXM2902[c],c,TRUE,MetanetX conversion,FALSE,"metanetx, bigg"
6hmhptpp[c],6hmhptpp,MNXM727068,MNXM727068[c],c,TRUE,MetanetX conversion,FALSE,"metanetx, bigg, seed, kegg, chebi"
12dgr160[c],12dgr160,MNXM3132,MNXM3132[c],c,TRUE,MetanetX conversion,FALSE,"metanetx, bigg"
15dap[c],15dap,MNXM943,MNXM943[c],c,TRUE,MetanetX conversion,FALSE,"metanetx, bigg, seed, kegg, chebi"
6pgc[c],6pgc,MNXM734080,MNXM734080[c],c,TRUE,MetanetX conversion,FALSE,"metanetx, bigg, seed, kegg, chebi"
12dgr161[c],12dgr161,MNXM3774,MNXM3774[c],c,TRUE,MetanetX conversion,FALSE,"metanetx, bigg"
12dgr180[c],12dgr180,MNXM4217,MNXM4217[c],c,TRUE,MetanetX conversion,FALSE,"metanetx, bigg"
ACP[c],ACP,MNXM925,MNXM925[c],c,TRUE,MetanetX conversion,FALSE,"metanetx, bigg, seed, kegg, chebi"
12dgr181[c],12dgr181,MNXM3775,MNXM3775[c],c,TRUE,MetanetX conversion,FALSE,"metanetx, bigg"
1ddecg3p[c],1ddecg3p,MNXM4232,MNXM4232[c],c,TRUE,MetanetX conversion,FALSE,"metanetx, bigg, seed, chebi"
Nforglu[c],Nforglu,MNXM1287,MNXM1287[c],c,TRUE,MetanetX conversion,FALSE,"metanetx, bigg, seed, kegg, chebi"
1hdec9eg3p[c],1hdec9eg3p,MNXM91047,MNXM91047[c],c,TRUE,MetanetX conversion,FALSE,"metanetx, bigg, seed"
12ppd__S[c],12ppd__S,MNXM1255,MNXM1255[c],c,TRUE,MetanetX conversion,FALSE,"metanetx, bigg, seed, kegg, chebi"
aacoa[c],aacoa,MNXM133,MNXM133[c],c,TRUE,MetanetX conversion,FALSE,"metanetx, bigg, seed, kegg, chebi"
13dpg[c],13dpg,MNXM733153,MNXM733153[c],c,TRUE,MetanetX conversion,FALSE,"metanetx, bigg, seed, kegg, chebi"
1hdecg3p[c],1hdecg3p,MNXM90586,MNXM90586[c],c,TRUE,MetanetX conversion,FALSE,"metanetx, bigg, seed"
abt[c],abt,MNXM740330,MNXM740330[c],c,TRUE,MetanetX conversion,FALSE,"metanetx, bigg, seed, kegg, chebi"
1odec11eg3p[c],1odec11eg3p,MNXM91049,MNXM91049[c],c,TRUE,MetanetX conversion,FALSE,"metanetx, bigg, seed"
1odecg3p[c],1odecg3p,MNXM734212,MNXM734212[c],c,TRUE,MetanetX conversion,FALSE,"metanetx, bigg, seed, chebi"
ac[c],ac,MNXM26,MNXM26[c],c,TRUE,MetanetX conversion,FALSE,"metanetx, bigg, seed, kegg, chebi"
1pyr5c[c],1pyr5c,MNXM1617,MNXM1617[c],c,TRUE,MetanetX conversion,FALSE,"metanetx, bigg, seed, kegg, chebi"
1tdecg3p[c],1tdecg3p,MNXM3426,MNXM3426[c],c,TRUE,MetanetX conversion,FALSE,"metanetx, bigg, seed, chebi"
acACP[c],acACP,MNXM727672,MNXM727672[c],c,TRUE,MetanetX conversion,FALSE,"metanetx, bigg, seed, kegg, chebi"
23dhdp[c],23dhdp,MNXM807,MNXM807[c],c,TRUE,MetanetX conversion,FALSE,"metanetx, bigg, seed, kegg, chebi"
cdpdodecg[c],cdpdodecg,MNXM736453,MNXM736453[c],c,TRUE,MetanetX conversion,FALSE,"metanetx, bigg, seed, chebi"
acald[c],acald,MNXM75,MNXM75[c],c,TRUE,MetanetX conversion,FALSE,"metanetx, bigg, seed, kegg, chebi"
cdpdtdecg[c],cdpdtdecg,MNXM736328,MNXM736328[c],c,TRUE,MetanetX conversion,FALSE,"metanetx, bigg, seed, chebi"
23dhmb[c],23dhmb,MNXM734,MNXM734[c],c,TRUE,MetanetX conversion,FALSE,"metanetx, bigg, seed, kegg, chebi"
accoa[c],accoa,MNXM21,MNXM21[c],c,TRUE,MetanetX conversion,FALSE,"metanetx, bigg, seed, kegg, chebi"
23dhmp[c],23dhmp,MNXM1202,MNXM1202[c],c,TRUE,MetanetX conversion,FALSE,"metanetx, bigg, seed, kegg, chebi"
acg5p[c],acg5p,MNXM1384,MNXM1384[c],c,TRUE,MetanetX conversion,FALSE,"metanetx, bigg, seed, kegg, chebi"
25aics[c],25aics,MNXM738774,MNXM738774[c],c,TRUE,MetanetX conversion,FALSE,"metanetx, bigg, seed, kegg, chebi"
acg5sa[c],acg5sa,MNXM1062,MNXM1062[c],c,TRUE,MetanetX conversion,FALSE,"metanetx, bigg, seed, kegg, chebi"
cdpglyc[c],cdpglyc,MNXM775,MNXM775[c],c,TRUE,MetanetX conversion,FALSE,"metanetx, bigg, seed, kegg, chebi"
acgam1p[c],acgam1p,MNXM91871,MNXM91871[c],c,TRUE,MetanetX conversion,FALSE,"metanetx, bigg, seed, kegg, chebi"
acglu[c],acglu,MNXM730,MNXM730[c],c,TRUE,MetanetX conversion,FALSE,"metanetx, bigg, seed, kegg, chebi"
25dhpp[c],25dhpp,MNXM90906,MNXM90906[c],c,TRUE,MetanetX conversion,FALSE,"metanetx, bigg"
achms[c],achms,MNXM739518,MNXM739518[c],c,TRUE,MetanetX conversion,FALSE,"metanetx, bigg, seed, kegg, chebi"
acmam[c],acmam,MNXM12354,MNXM12354[c],c,TRUE,MetanetX conversion,FALSE,"metanetx, bigg, seed"
acmama[c],acmama,MNXM4053,MNXM4053[c],c,TRUE,MetanetX conversion,FALSE,"metanetx, bigg, chebi"
26dap_LL[c],26dap_LL,MNXM644,MNXM644[c],c,TRUE,MetanetX conversion,FALSE,"metanetx, bigg, seed, kegg, chebi"
26dap__M[c],26dap__M,MNXM529,MNXM529[c],c,TRUE,MetanetX conversion,FALSE,"metanetx, bigg, seed, kegg, chebi"
acmana[c],acmana,MNXM2403,MNXM2403[c],c,TRUE,MetanetX conversion,FALSE,"metanetx, bigg, seed, kegg, chebi"
2ahbut[c],2ahbut,MNXM726902,MNXM726902[c],c,TRUE,MetanetX conversion,FALSE,"metanetx, bigg, seed, kegg, chebi"
acon_C[c],acon_C,MNXM1092518,MNXM1092518[c],c,TRUE,MetanetX conversion,FALSE,"metanetx, bigg, seed, kegg, chebi"
acorn[c],acorn,MNXM817,MNXM817[c],c,TRUE,MetanetX conversion,FALSE,"metanetx, bigg, seed, kegg, chebi"
2ahhmd[c],2ahhmd,MNXM91459,MNXM91459[c],c,TRUE,MetanetX conversion,FALSE,"metanetx, bigg, seed"
acser[c],acser,MNXM418,MNXM418[c],c,TRUE,MetanetX conversion,FALSE,"metanetx, bigg, seed, kegg, chebi"
2ahhmp[c],2ahhmp,MNXM728662,MNXM728662[c],c,TRUE,MetanetX conversion,FALSE,"metanetx, bigg"
actACP[c],actACP,MNXM727386,MNXM727386[c],c,TRUE,MetanetX conversion,FALSE,"metanetx, bigg, seed, kegg, chebi"
2cpr5p[c],2cpr5p,MNXM1455,MNXM1455[c],c,TRUE,MetanetX conversion,FALSE,"metanetx, bigg, seed, kegg, chebi"
actn__R[c],actn__R,MNXM664,MNXM664[c],c,TRUE,MetanetX conversion,FALSE,"metanetx, bigg, seed, kegg, chebi"
2dda7p[c],2dda7p,MNXM1219,MNXM1219[c],c,TRUE,MetanetX conversion,FALSE,"metanetx, bigg, seed, kegg, chebi"
cfesp[c],cfesp,MNXM148165,MNXM148165[c],c,TRUE,MetanetX conversion,FALSE,"metanetx, bigg"
actp[c],actp,MNXM280,MNXM280[c],c,TRUE,MetanetX conversion,FALSE,"metanetx, bigg, seed, kegg, chebi"
chol[c],chol,MNXM90,MNXM90[c],c,TRUE,MetanetX conversion,FALSE,"metanetx, bigg, seed, kegg, chebi"
2ddg6p[c],2ddg6p,MNXM649,MNXM649[c],c,TRUE,MetanetX conversion,FALSE,"metanetx, bigg, seed, kegg, chebi"
2dhp[c],2dhp,MNXM959,MNXM959[c],c,TRUE,MetanetX conversion,FALSE,"metanetx, bigg, seed, kegg, chebi"
adcobdam[c],adcobdam,MNXM92085,MNXM92085[c],c,TRUE,MetanetX conversion,FALSE,"metanetx, bigg, seed"
chor[c],chor,MNXM337,MNXM337[c],c,TRUE,MetanetX conversion,FALSE,"metanetx, bigg, seed, kegg, chebi"
adcobhex[c],adcobhex,MNXM877,MNXM877[c],c,TRUE,MetanetX conversion,FALSE,"metanetx, bigg, seed, kegg, chebi"
cit[c],cit,MNXM131,MNXM131[c],c,TRUE,MetanetX conversion,FALSE,"metanetx, bigg, seed, kegg, chebi"
2dmmql8[c],2dmmql8,MNXM558,MNXM558[c],c,TRUE,MetanetX conversion,FALSE,"metanetx, bigg, seed, chebi"
2dr1p[c],2dr1p,MNXM789,MNXM789[c],c,TRUE,MetanetX conversion,FALSE,"metanetx, bigg, seed, kegg, chebi"
ade[c],ade,MNXM168,MNXM168[c],c,TRUE,MetanetX conversion,FALSE,"metanetx, bigg, seed, kegg, chebi"
2dr5p[c],2dr5p,MNXM732593,MNXM732593[c],c,TRUE,MetanetX conversion,FALSE,"metanetx, bigg, seed, kegg, chebi"
citr__L[c],citr__L,MNXM732470,MNXM732470[c],c,TRUE,MetanetX conversion,FALSE,"metanetx, bigg, seed, kegg, chebi"
adn[c],adn,MNXM212,MNXM212[c],c,TRUE,MetanetX conversion,FALSE,"metanetx, bigg, seed, kegg, chebi"
cl[c],cl,MNXM735978,MNXM735978[c],c,TRUE,MetanetX conversion,FALSE,"metanetx, bigg, seed, kegg, chebi"
2h3oppan[c],2h3oppan,MNXM475,MNXM475[c],c,TRUE,MetanetX conversion,FALSE,"metanetx, bigg, seed, kegg, chebi"
adocbi[c],adocbi,MNXM90790,MNXM90790[c],c,TRUE,MetanetX conversion,FALSE,"metanetx, bigg, seed, kegg"
2ippm[c],2ippm,MNXM1369559,MNXM1369559[c],c,TRUE,MetanetX conversion,FALSE,"metanetx, bigg, seed, kegg, chebi"
clpn120[c],clpn120,MNXM5078,MNXM5078[c],c,TRUE,MetanetX conversion,FALSE,"metanetx, bigg"
adocbip[c],adocbip,MNXM856,MNXM856[c],c,TRUE,MetanetX conversion,FALSE,"metanetx, bigg, seed, kegg, chebi"
2mahmp[c],2mahmp,MNXM1135,MNXM1135[c],c,TRUE,MetanetX conversion,FALSE,"metanetx, bigg, seed, kegg, chebi"
adocbl[c],adocbl,MNXM90703,MNXM90703[c],c,TRUE,MetanetX conversion,FALSE,"metanetx, bigg, seed, kegg"
2me4p[c],2me4p,MNXM730435,MNXM730435[c],c,TRUE,MetanetX conversion,FALSE,"metanetx, bigg, seed, kegg, chebi"
adp[c],adp,MNXM40333,MNXM40333[c],c,TRUE,MetanetX conversion,FALSE,"metanetx, bigg, seed, kegg, chebi"
2mecdp[c],2mecdp,MNXM1168,MNXM1168[c],c,TRUE,MetanetX conversion,FALSE,"metanetx, bigg, seed, kegg, chebi"
2obut[c],2obut,MNXM159,MNXM159[c],c,TRUE,MetanetX conversion,FALSE,"metanetx, bigg, seed, kegg, chebi"
adprib[c],adprib,MNXM737048,MNXM737048[c],c,TRUE,MetanetX conversion,FALSE,"metanetx, bigg, seed, kegg, chebi"
2p4c2me[c],2p4c2me,MNXM1641,MNXM1641[c],c,TRUE,MetanetX conversion,FALSE,"metanetx, bigg, seed, kegg, chebi"
agdpcbi[c],agdpcbi,MNXM1105,MNXM1105[c],c,TRUE,MetanetX conversion,FALSE,"metanetx, bigg, seed, kegg, chebi"
2pg[c],2pg,MNXM275,MNXM275[c],c,TRUE,MetanetX conversion,FALSE,"metanetx, bigg, seed, kegg, chebi"
clpn140[c],clpn140,MNXM740794,MNXM740794[c],c,TRUE,MetanetX conversion,FALSE,"metanetx, bigg, chebi"
clpn160[c],clpn160,MNXM736425,MNXM736425[c],c,TRUE,MetanetX conversion,FALSE,"metanetx, bigg, seed, chebi"
clpn161[c],clpn161,MNXM736306,MNXM736306[c],c,TRUE,MetanetX conversion,FALSE,"metanetx, bigg, chebi"
clpn180[c],clpn180,MNXM5079,MNXM5079[c],c,TRUE,MetanetX conversion,FALSE,"metanetx, bigg"
clpn181[c],clpn181,MNXM736311,MNXM736311[c],c,TRUE,MetanetX conversion,FALSE,"metanetx, bigg, chebi"
34hpp[c],34hpp,MNXM153,MNXM153[c],c,TRUE,MetanetX conversion,FALSE,"metanetx, bigg, seed, kegg, chebi"
3c2hmp[c],3c2hmp,MNXM741108,MNXM741108[c],c,TRUE,MetanetX conversion,FALSE,"metanetx, bigg, seed, kegg, chebi"
3c3hmp[c],3c3hmp,MNXM985,MNXM985[c],c,TRUE,MetanetX conversion,FALSE,"metanetx, bigg, seed, kegg, chebi"
3c4mop[c],3c4mop,MNXM1602,MNXM1602[c],c,TRUE,MetanetX conversion,FALSE,"metanetx, bigg, seed, kegg, chebi"
agm[c],agm,MNXM328,MNXM328[c],c,TRUE,MetanetX conversion,FALSE,"metanetx, bigg, seed, kegg, chebi"
3dhq[c],3dhq,MNXM736874,MNXM736874[c],c,TRUE,MetanetX conversion,FALSE,"metanetx, bigg, seed, kegg, chebi"
cmp[c],cmp,MNXM31,MNXM31[c],c,TRUE,MetanetX conversion,FALSE,"metanetx, bigg, seed, kegg, chebi"
ahcys[c],ahcys,MNXM19,MNXM19[c],c,TRUE,MetanetX conversion,FALSE,"metanetx, bigg, seed, kegg, chebi"
3dhsk[c],3dhsk,MNXM611,MNXM611[c],c,TRUE,MetanetX conversion,FALSE,"metanetx, bigg, seed, kegg, chebi"
ahdt[c],ahdt,MNXM1370282,MNXM1370282[c],c,TRUE,MetanetX conversion,FALSE,"metanetx, bigg, seed, kegg, chebi"
3haACP[c],3haACP,MNXM738485,MNXM738485[c],c,TRUE,MetanetX conversion,FALSE,"metanetx, bigg, seed, kegg, chebi"
aicar[c],aicar,MNXM365,MNXM365[c],c,TRUE,MetanetX conversion,FALSE,"metanetx, bigg, seed, kegg, chebi"
3hbcoa[c],3hbcoa,MNXM446,MNXM446[c],c,TRUE,MetanetX conversion,FALSE,"metanetx, bigg, seed, kegg, chebi"
air[c],air,MNXM162266,MNXM162266[c],c,TRUE,MetanetX conversion,FALSE,"metanetx, bigg, chebi"
3hcddec5eACP[c],3hcddec5eACP,MNXM5389,MNXM5389[c],c,TRUE,MetanetX conversion,FALSE,"metanetx, bigg, seed"
akg[c],akg,MNXM1369648,MNXM1369648[c],c,TRUE,MetanetX conversion,FALSE,"metanetx, bigg, seed, kegg, chebi"
3hcmrs7eACP[c],3hcmrs7eACP,MNXM5390,MNXM5390[c],c,TRUE,MetanetX conversion,FALSE,"metanetx, bigg, seed"
ala_B[c],ala_B,MNXM144,MNXM144[c],c,TRUE,MetanetX conversion,FALSE,"metanetx, bigg, seed, kegg, chebi"
3hcpalm9eACP[c],3hcpalm9eACP,MNXM6556,MNXM6556[c],c,TRUE,MetanetX conversion,FALSE,"metanetx, bigg, seed"
3hcvac11eACP[c],3hcvac11eACP,MNXM6557,MNXM6557[c],c,TRUE,MetanetX conversion,FALSE,"metanetx, bigg, seed"
co[c],co,MNXM726637,MNXM726637[c],c,TRUE,MetanetX conversion,FALSE,"metanetx, bigg, seed, kegg, chebi"
ala__D[c],ala__D,MNXM156,MNXM156[c],c,TRUE,MetanetX conversion,FALSE,"metanetx, bigg, seed, kegg, chebi"
3hddecACP[c],3hddecACP,MNXM733304,MNXM733304[c],c,TRUE,MetanetX conversion,FALSE,"metanetx, bigg, seed, kegg, chebi"
ala__L[c],ala__L,MNXM733981,MNXM733981[c],c,TRUE,MetanetX conversion,FALSE,"metanetx, bigg, seed, kegg, chebi"
3hdecACP[c],3hdecACP,MNXM7127,MNXM7127[c],c,TRUE,MetanetX conversion,FALSE,"metanetx, bigg, seed, kegg"
alaala[c],alaala,MNXM739337,MNXM739337[c],c,TRUE,MetanetX conversion,FALSE,"metanetx, bigg, seed, kegg, chebi"
3hhexACP[c],3hhexACP,MNXM733048,MNXM733048[c],c,TRUE,MetanetX conversion,FALSE,"metanetx, bigg, seed, kegg, chebi"
alac__S[c],alac__S,MNXM114079,MNXM114079[c],c,TRUE,MetanetX conversion,FALSE,"metanetx, bigg, seed, kegg, chebi"
3hmrsACP[c],3hmrsACP,MNXM7733,MNXM7733[c],c,TRUE,MetanetX conversion,FALSE,"metanetx, bigg, seed, kegg"
co1dam[c],co1dam,MNXM92189,MNXM92189[c],c,TRUE,MetanetX conversion,FALSE,"metanetx, bigg, kegg, chebi"
alltn[c],alltn,MNXM738834,MNXM738834[c],c,TRUE,MetanetX conversion,FALSE,"metanetx, bigg, seed, kegg, chebi"
3hoctACP[c],3hoctACP,MNXM725895,MNXM725895[c],c,TRUE,MetanetX conversion,FALSE,"metanetx, bigg, seed, kegg"
alltt[c],alltt,MNXM584,MNXM584[c],c,TRUE,MetanetX conversion,FALSE,"metanetx, bigg, seed, kegg, chebi"
3hoctaACP[c],3hoctaACP,MNXM6417,MNXM6417[c],c,TRUE,MetanetX conversion,FALSE,"metanetx, bigg, seed, kegg"
co2[c],co2,MNXM13,MNXM13[c],c,TRUE,MetanetX conversion,FALSE,"metanetx, bigg, seed, kegg, chebi"
alpro[c],alpro,MNXM740461,MNXM740461[c],c,TRUE,MetanetX conversion,FALSE,"metanetx, bigg, seed, kegg, chebi"
3hpalmACP[c],3hpalmACP,MNXM733096,MNXM733096[c],c,TRUE,MetanetX conversion,FALSE,"metanetx, bigg, seed, kegg"
amet[c],amet,MNXM16,MNXM16[c],c,TRUE,MetanetX conversion,FALSE,"metanetx, bigg, seed, kegg, chebi"
3ig3p[c],3ig3p,MNXM866,MNXM866[c],c,TRUE,MetanetX conversion,FALSE,"metanetx, bigg, seed, kegg, chebi"
3mob[c],3mob,MNXM732866,MNXM732866[c],c,TRUE,MetanetX conversion,FALSE,"metanetx, bigg, seed, kegg, chebi"
co2dam[c],co2dam,MNXM91520,MNXM91520[c],c,TRUE,MetanetX conversion,FALSE,"metanetx, bigg, kegg, chebi"
coa[c],coa,MNXM727276,MNXM727276[c],c,TRUE,MetanetX conversion,FALSE,"metanetx, bigg, seed, kegg, chebi"
3mop[c],3mop,MNXM439,MNXM439[c],c,TRUE,MetanetX conversion,FALSE,"metanetx, bigg, seed, kegg, chebi"
cobalt2[c],cobalt2,MNXM90960,MNXM90960[c],c,TRUE,MetanetX conversion,FALSE,"metanetx, bigg, seed, kegg, chebi"
ametam[c],ametam,MNXM321,MNXM321[c],c,TRUE,MetanetX conversion,FALSE,"metanetx, bigg, seed, kegg, chebi"
cobya[c],cobya,MNXM92210,MNXM92210[c],c,TRUE,MetanetX conversion,FALSE,"metanetx, bigg, kegg, chebi"
3ocddec5eACP[c],3ocddec5eACP,MNXM6837,MNXM6837[c],c,TRUE,MetanetX conversion,FALSE,"metanetx, bigg, seed"
amp[c],amp,MNXM728294,MNXM728294[c],c,TRUE,MetanetX conversion,FALSE,"metanetx, bigg, seed, kegg, chebi"
3ocmrs7eACP[c],3ocmrs7eACP,MNXM6838,MNXM6838[c],c,TRUE,MetanetX conversion,FALSE,"metanetx, bigg, seed"
anth[c],anth,MNXM188,MNXM188[c],c,TRUE,MetanetX conversion,FALSE,"metanetx, bigg, seed, kegg, chebi"
3ocpalm9eACP[c],3ocpalm9eACP,MNXM6839,MNXM6839[c],c,TRUE,MetanetX conversion,FALSE,"metanetx, bigg, seed"
3ocvac11eACP[c],3ocvac11eACP,MNXM6840,MNXM6840[c],c,TRUE,MetanetX conversion,FALSE,"metanetx, bigg, seed"
codhpre6[c],codhpre6,MNXM733197,MNXM733197[c],c,TRUE,MetanetX conversion,FALSE,"metanetx, bigg, seed, kegg, chebi"
apoACP[c],apoACP,MNXM2214,MNXM2214[c],c,TRUE,MetanetX conversion,FALSE,"metanetx, bigg, seed"
3oddecACP[c],3oddecACP,MNXM28933,MNXM28933[c],c,TRUE,MetanetX conversion,FALSE,"metanetx, bigg, seed, kegg, chebi"
appl[c],appl,MNXM1029,MNXM1029[c],c,TRUE,MetanetX conversion,FALSE,"metanetx, bigg, seed, kegg, chebi"
3odecACP[c],3odecACP,MNXM26616,MNXM26616[c],c,TRUE,MetanetX conversion,FALSE,"metanetx, bigg, seed, kegg, chebi"
copre2[c],copre2,MNXM1420,MNXM1420[c],c,TRUE,MetanetX conversion,FALSE,"metanetx, bigg, seed, chebi"
applp[c],applp,MNXM1697,MNXM1697[c],c,TRUE,MetanetX conversion,FALSE,"metanetx, bigg, seed, kegg, chebi"
copre3[c],copre3,MNXM92204,MNXM92204[c],c,TRUE,MetanetX conversion,FALSE,"metanetx, bigg, seed, kegg, chebi"
3ohexACP[c],3ohexACP,MNXM25602,MNXM25602[c],c,TRUE,MetanetX conversion,FALSE,"metanetx, bigg, seed, kegg, chebi"
aps[c],aps,MNXM287,MNXM287[c],c,TRUE,MetanetX conversion,FALSE,"metanetx, bigg, seed, kegg, chebi"
3omrsACP[c],3omrsACP,MNXM26095,MNXM26095[c],c,TRUE,MetanetX conversion,FALSE,"metanetx, bigg, seed, kegg, chebi"
copre4[c],copre4,MNXM732833,MNXM732833[c],c,TRUE,MetanetX conversion,FALSE,"metanetx, bigg, seed, kegg, chebi"
copre5[c],copre5,MNXM736803,MNXM736803[c],c,TRUE,MetanetX conversion,FALSE,"metanetx, bigg, seed, kegg, chebi"
arab__L[c],arab__L,MNXM91126,MNXM91126[c],c,TRUE,MetanetX conversion,FALSE,"metanetx, bigg, seed, kegg, chebi"
copre6[c],copre6,MNXM91523,MNXM91523[c],c,TRUE,MetanetX conversion,FALSE,"metanetx, bigg, seed, kegg"
3ooctACP[c],3ooctACP,MNXM28031,MNXM28031[c],c,TRUE,MetanetX conversion,FALSE,"metanetx, bigg, seed, kegg, chebi"
3ooctdACP[c],3ooctdACP,MNXM3491,MNXM3491[c],c,TRUE,MetanetX conversion,FALSE,"metanetx, bigg, seed"
arg__L[c],arg__L,MNXM739526,MNXM739526[c],c,TRUE,MetanetX conversion,FALSE,"metanetx, bigg, seed, kegg, chebi"
3opalmACP[c],3opalmACP,MNXM4345,MNXM4345[c],c,TRUE,MetanetX conversion,FALSE,"metanetx, bigg, seed, kegg, chebi"
copre8[c],copre8,MNXM728586,MNXM728586[c],c,TRUE,MetanetX conversion,FALSE,"metanetx, bigg, seed, kegg, chebi"
argsuc[c],argsuc,MNXM722743,MNXM722743[c],c,TRUE,MetanetX conversion,FALSE,"metanetx, bigg, seed, kegg, chebi"
3pg[c],3pg,MNXM727604,MNXM727604[c],c,TRUE,MetanetX conversion,FALSE,"metanetx, bigg, seed, kegg, chebi"
asn__L[c],asn__L,MNXM147,MNXM147[c],c,TRUE,MetanetX conversion,FALSE,"metanetx, bigg, seed, kegg, chebi"
3php[c],3php,MNXM541,MNXM541[c],c,TRUE,MetanetX conversion,FALSE,"metanetx, bigg, seed, kegg, chebi"
cpppg3[c],cpppg3,MNXM735625,MNXM735625[c],c,TRUE,MetanetX conversion,FALSE,"metanetx, bigg, seed, kegg, chebi"
asp__D[c],asp__D,MNXM974,MNXM974[c],c,TRUE,MetanetX conversion,FALSE,"metanetx, bigg, seed, kegg, chebi"
csn[c],csn,MNXM761,MNXM761[c],c,TRUE,MetanetX conversion,FALSE,"metanetx, bigg, seed, kegg, chebi"
3psme[c],3psme,MNXM1365,MNXM1365[c],c,TRUE,MetanetX conversion,FALSE,"metanetx, bigg, seed, kegg, chebi"
3sala[c],3sala,MNXM498,MNXM498[c],c,TRUE,MetanetX conversion,FALSE,"metanetx, bigg, seed, kegg, chebi"
4abut[c],4abut,MNXM192,MNXM192[c],c,TRUE,MetanetX conversion,FALSE,"metanetx, bigg, seed, kegg, chebi"
asp__L[c],asp__L,MNXM735837,MNXM735837[c],c,TRUE,MetanetX conversion,FALSE,"metanetx, bigg, seed, kegg, chebi"
4abutn[c],4abutn,MNXM422,MNXM422[c],c,TRUE,MetanetX conversion,FALSE,"metanetx, bigg, seed, kegg, chebi"
ctp[c],ctp,MNXM63,MNXM63[c],c,TRUE,MetanetX conversion,FALSE,"metanetx, bigg, seed, kegg, chebi"
cu2[c],cu2,MNXM632,MNXM632[c],c,TRUE,MetanetX conversion,FALSE,"metanetx, bigg, seed, kegg, chebi"
aspsa[c],aspsa,MNXM361,MNXM361[c],c,TRUE,MetanetX conversion,FALSE,"metanetx, bigg, seed, kegg, chebi"
cys__L[c],cys__L,MNXM738067,MNXM738067[c],c,TRUE,MetanetX conversion,FALSE,"metanetx, bigg, seed, kegg, chebi"
4abz[c],4abz,MNXM421,MNXM421[c],c,TRUE,MetanetX conversion,FALSE,"metanetx, bigg, seed, kegg, chebi"
4adcho[c],4adcho,MNXM1458,MNXM1458[c],c,TRUE,MetanetX conversion,FALSE,"metanetx, bigg, seed, kegg, chebi"
atp[c],atp,MNXM3,MNXM3[c],c,TRUE,MetanetX conversion,FALSE,"metanetx, bigg, seed, kegg, chebi"
4ahmmp[c],4ahmmp,MNXM874,MNXM874[c],c,TRUE,MetanetX conversion,FALSE,"metanetx, bigg, seed, kegg, chebi"
cyst__L[c],cyst__L,MNXM319,MNXM319[c],c,TRUE,MetanetX conversion,FALSE,"metanetx, bigg, seed, kegg, chebi"
cytd[c],cytd,MNXM338,MNXM338[c],c,TRUE,MetanetX conversion,FALSE,"metanetx, bigg, seed, kegg, chebi"
4ampm[c],4ampm,MNXM733872,MNXM733872[c],c,TRUE,MetanetX conversion,FALSE,"metanetx, bigg, seed, chebi"
dad_2[c],dad_2,MNXM625,MNXM625[c],c,TRUE,MetanetX conversion,FALSE,"metanetx, bigg, seed, kegg, chebi"
b2coa[c],b2coa,MNXM732506,MNXM732506[c],c,TRUE,MetanetX conversion,FALSE,"metanetx, bigg, seed, kegg, chebi"
dad_5[c],dad_5,MNXM316,MNXM316[c],c,TRUE,MetanetX conversion,FALSE,"metanetx, bigg, seed, kegg, chebi"
4c2me[c],4c2me,MNXM730948,MNXM730948[c],c,TRUE,MetanetX conversion,FALSE,"metanetx, bigg, seed, kegg, chebi"
btal[c],btal,MNXM1017,MNXM1017[c],c,TRUE,MetanetX conversion,FALSE,"metanetx, bigg, seed, kegg, chebi"
4h2oglt[c],4h2oglt,MNXM894,MNXM894[c],c,TRUE,MetanetX conversion,FALSE,"metanetx, bigg, seed, kegg, chebi"
dadp[c],dadp,MNXM735047,MNXM735047[c],c,TRUE,MetanetX conversion,FALSE,"metanetx, bigg, seed, kegg, chebi"
btamp[c],btamp,MNXM722791,MNXM722791[c],c,TRUE,MetanetX conversion,FALSE,"metanetx, bigg, seed"
damp[c],damp,MNXM432,MNXM432[c],c,TRUE,MetanetX conversion,FALSE,"metanetx, bigg, seed, kegg, chebi"
datp[c],datp,MNXM286,MNXM286[c],c,TRUE,MetanetX conversion,FALSE,"metanetx, bigg, seed, kegg, chebi"
4hthr[c],4hthr,MNXM1802,MNXM1802[c],c,TRUE,MetanetX conversion,FALSE,"metanetx, bigg, seed, kegg, chebi"
btcoa[c],btcoa,MNXM233,MNXM233[c],c,TRUE,MetanetX conversion,FALSE,"metanetx, bigg, seed, kegg, chebi"
btd_RR[c],btd_RR,MNXM2757,MNXM2757[c],c,TRUE,MetanetX conversion,FALSE,"metanetx, bigg"
4izp[c],4izp,MNXM741298,MNXM741298[c],c,TRUE,MetanetX conversion,FALSE,"metanetx, bigg, seed, kegg, chebi"
db4p[c],db4p,MNXM1102294,MNXM1102294[c],c,TRUE,MetanetX conversion,FALSE,"metanetx, bigg, seed, kegg, chebi"
btn[c],btn,MNXM304,MNXM304[c],c,TRUE,MetanetX conversion,FALSE,"metanetx, bigg, seed, kegg, chebi"
dcaACP[c],dcaACP,MNXM90236,MNXM90236[c],c,TRUE,MetanetX conversion,FALSE,"metanetx, bigg"
4mhetz[c],4mhetz,MNXM962,MNXM962[c],c,TRUE,MetanetX conversion,FALSE,"metanetx, bigg, seed, kegg, chebi"
btoh[c],btoh,MNXM3230,MNXM3230[c],c,TRUE,MetanetX conversion,FALSE,"metanetx, bigg, seed, kegg, chebi"
4mop[c],4mop,MNXM404,MNXM404[c],c,TRUE,MetanetX conversion,FALSE,"metanetx, bigg, seed, kegg, chebi"
4mpetz[c],4mpetz,MNXM960,MNXM960[c],c,TRUE,MetanetX conversion,FALSE,"metanetx, bigg, seed, kegg, chebi"
but[c],but,MNXM458,MNXM458[c],c,TRUE,MetanetX conversion,FALSE,"metanetx, bigg"
4pasp[c],4pasp,MNXM1177,MNXM1177[c],c,TRUE,MetanetX conversion,FALSE,"metanetx, bigg, seed, kegg, chebi"
dcamp[c],dcamp,MNXM565,MNXM565[c],c,TRUE,MetanetX conversion,FALSE,"metanetx, bigg, seed, kegg, chebi"
but2eACP[c],but2eACP,MNXM3229,MNXM3229[c],c,TRUE,MetanetX conversion,FALSE,"metanetx, bigg, seed, kegg"
dcdp[c],dcdp,MNXM411,MNXM411[c],c,TRUE,MetanetX conversion,FALSE,"metanetx, bigg, seed, kegg, chebi"
4ppan[c],4ppan,MNXM735771,MNXM735771[c],c,TRUE,MetanetX conversion,FALSE,"metanetx, bigg, seed, kegg, chebi"
butACP[c],butACP,MNXM90458,MNXM90458[c],c,TRUE,MetanetX conversion,FALSE,"metanetx, bigg"
4ppcys[c],4ppcys,MNXM483,MNXM483[c],c,TRUE,MetanetX conversion,FALSE,"metanetx, bigg, seed, kegg, chebi"
dcmp[c],dcmp,MNXM266,MNXM266[c],c,TRUE,MetanetX conversion,FALSE,"metanetx, bigg, seed, kegg, chebi"
butpi[c],butpi,MNXM2105,MNXM2105[c],c,TRUE,MetanetX conversion,FALSE,"metanetx, bigg, seed, kegg, chebi"
dctp[c],dctp,MNXM360,MNXM360[c],c,TRUE,MetanetX conversion,FALSE,"metanetx, bigg, seed, kegg, chebi"
4r5au[c],4r5au,MNXM791,MNXM791[c],c,TRUE,MetanetX conversion,FALSE,"metanetx, bigg, seed, kegg, chebi"
ca2[c],ca2,MNXM128,MNXM128[c],c,TRUE,MetanetX conversion,FALSE,"metanetx, bigg, seed, kegg, chebi"
56dura[c],56dura,MNXM506,MNXM506[c],c,TRUE,MetanetX conversion,FALSE,"metanetx, bigg, seed, kegg, chebi"
dcyt[c],dcyt,MNXM704,MNXM704[c],c,TRUE,MetanetX conversion,FALSE,"metanetx, bigg, seed, kegg, chebi"
cbasp[c],cbasp,MNXM465,MNXM465[c],c,TRUE,MetanetX conversion,FALSE,"metanetx, bigg, seed, kegg, chebi"
ddcaACP[c],ddcaACP,MNXM89851,MNXM89851[c],c,TRUE,MetanetX conversion,FALSE,"metanetx, bigg"
5aizc[c],5aizc,MNXM737371,MNXM737371[c],c,TRUE,MetanetX conversion,FALSE,"metanetx, bigg, seed, kegg, chebi"
cbi[c],cbi,MNXM729644,MNXM729644[c],c,TRUE,MetanetX conversion,FALSE,"metanetx, bigg, chebi"
5aop[c],5aop,MNXM405,MNXM405[c],c,TRUE,MetanetX conversion,FALSE,"metanetx, bigg, seed, kegg, chebi"
5aprbu[c],5aprbu,MNXM1365818,MNXM1365818[c],c,TRUE,MetanetX conversion,FALSE,"metanetx, bigg, seed, kegg, chebi"
dgdp[c],dgdp,MNXM436,MNXM436[c],c,TRUE,MetanetX conversion,FALSE,"metanetx, bigg, seed, kegg, chebi"
cbl1[c],cbl1,MNXM91519,MNXM91519[c],c,TRUE,MetanetX conversion,FALSE,"metanetx, bigg, kegg, chebi"
dgmp[c],dgmp,MNXM546,MNXM546[c],c,TRUE,MetanetX conversion,FALSE,"metanetx, bigg, seed, kegg, chebi"
5apru[c],5apru,MNXM1368993,MNXM1368993[c],c,TRUE,MetanetX conversion,FALSE,"metanetx, bigg, seed, kegg, chebi"
cbp[c],cbp,MNXM138,MNXM138[c],c,TRUE,MetanetX conversion,FALSE,"metanetx, bigg, seed, kegg, chebi"
dgsn[c],dgsn,MNXM647,MNXM647[c],c,TRUE,MetanetX conversion,FALSE,"metanetx, bigg, seed, kegg, chebi"
cddec5eACP[c],cddec5eACP,MNXM163784,MNXM163784[c],c,TRUE,MetanetX conversion,FALSE,"metanetx, bigg"
dgtp[c],dgtp,MNXM344,MNXM344[c],c,TRUE,MetanetX conversion,FALSE,"metanetx, bigg, seed, kegg, chebi"
dha[c],dha,MNXM460,MNXM460[c],c,TRUE,MetanetX conversion,FALSE,"metanetx, bigg, seed, kegg, chebi"
cdec3eACP[c],cdec3eACP,MNXM7186,MNXM7186[c],c,TRUE,MetanetX conversion,FALSE,"metanetx, bigg"
dhap[c],dhap,MNXM77,MNXM77[c],c,TRUE,MetanetX conversion,FALSE,"metanetx, bigg, seed, kegg, chebi"
cdp[c],cdp,MNXM220,MNXM220[c],c,TRUE,MetanetX conversion,FALSE,"metanetx, bigg, seed, kegg, chebi"
dhf[c],dhf,MNXM281,MNXM281[c],c,TRUE,MetanetX conversion,FALSE,"metanetx, bigg, seed, kegg, chebi"
cdpdddecg[c],cdpdddecg,MNXM4507,MNXM4507[c],c,TRUE,MetanetX conversion,FALSE,"metanetx, bigg, seed"
dhlpro[c],dhlpro,MNXM731213,MNXM731213[c],c,TRUE,MetanetX conversion,FALSE,"metanetx, bigg, seed, kegg, chebi"
fdxo_42[c],fdxo_42,MNXM145541,MNXM145541[c],c,TRUE,MetanetX conversion,FALSE,"metanetx, bigg"
cdpdhdec9eg[c],cdpdhdec9eg,MNXM736316,MNXM736316[c],c,TRUE,MetanetX conversion,FALSE,"metanetx, bigg, seed, chebi"
fdxr_42[c],fdxr_42,MNXM145542,MNXM145542[c],c,TRUE,MetanetX conversion,FALSE,"metanetx, bigg"
cdpdhdecg[c],cdpdhdecg,MNXM734067,MNXM734067[c],c,TRUE,MetanetX conversion,FALSE,"metanetx, bigg, seed"
cdpdodec11eg[c],cdpdodec11eg,MNXM736319,MNXM736319[c],c,TRUE,MetanetX conversion,FALSE,"metanetx, bigg, seed, chebi"
malACP[c],malACP,MNXM731937,MNXM731937[c],c,TRUE,MetanetX conversion,FALSE,"metanetx, bigg, seed, kegg, chebi"
fe2[c],fe2,MNXM726710,MNXM726710[c],c,TRUE,MetanetX conversion,FALSE,"metanetx, bigg, seed, kegg, chebi"
dhna[c],dhna,MNXM552,MNXM552[c],c,TRUE,MetanetX conversion,FALSE,"metanetx, bigg, seed, kegg, chebi"
dhnpt[c],dhnpt,MNXM162359,MNXM162359[c],c,TRUE,MetanetX conversion,FALSE,"metanetx, bigg, seed, kegg, chebi"
fgam[c],fgam,MNXM736359,MNXM736359[c],c,TRUE,MetanetX conversion,FALSE,"metanetx, bigg, seed, kegg, chebi"
malcoa[c],malcoa,MNXM40,MNXM40[c],c,TRUE,MetanetX conversion,FALSE,"metanetx, bigg, seed, kegg, chebi"
fmn[c],fmn,MNXM727218,MNXM727218[c],c,TRUE,MetanetX conversion,FALSE,"metanetx, bigg, seed, kegg, chebi"
dhor__S[c],dhor__S,MNXM252,MNXM252[c],c,TRUE,MetanetX conversion,FALSE,"metanetx, bigg, seed, kegg, chebi"
malt[c],malt,MNXM165,MNXM165[c],c,TRUE,MetanetX conversion,FALSE,"metanetx, bigg, seed, kegg, chebi"
dhpt[c],dhpt,MNXM722728,MNXM722728[c],c,TRUE,MetanetX conversion,FALSE,"metanetx, bigg, seed, kegg, chebi"
malthx[c],malthx,MNXM728029,MNXM728029[c],c,TRUE,MetanetX conversion,FALSE,"metanetx, bigg, seed, kegg, chebi"
dhptd[c],dhptd,MNXM2449,MNXM2449[c],c,TRUE,MetanetX conversion,FALSE,"metanetx, bigg, seed, kegg, chebi"
dimp[c],dimp,MNXM1922,MNXM1922[c],c,TRUE,MetanetX conversion,FALSE,"metanetx, bigg, seed, kegg, chebi"
malttr[c],malttr,MNXM736635,MNXM736635[c],c,TRUE,MetanetX conversion,FALSE,"metanetx, bigg, seed, kegg, chebi"
din[c],din,MNXM935,MNXM935[c],c,TRUE,MetanetX conversion,FALSE,"metanetx, bigg, seed, kegg, chebi"
man1p[c],man1p,MNXM721,MNXM721[c],c,TRUE,MetanetX conversion,FALSE,"metanetx, bigg, seed, kegg, chebi"
ditp[c],ditp,MNXM728062,MNXM728062[c],c,TRUE,MetanetX conversion,FALSE,"metanetx, bigg, seed, kegg, chebi"
man6p[c],man6p,MNXM735946,MNXM735946[c],c,TRUE,MetanetX conversion,FALSE,"metanetx, bigg, seed, kegg, chebi"
dmbzid[c],dmbzid,MNXM1531,MNXM1531[c],c,TRUE,MetanetX conversion,FALSE,"metanetx, bigg, seed, kegg, chebi"
mdhdhf[c],mdhdhf,MNXM9407,MNXM9407[c],c,TRUE,MetanetX conversion,FALSE,"metanetx, bigg, seed, chebi"
dmlz[c],dmlz,MNXM1313,MNXM1313[c],c,TRUE,MetanetX conversion,FALSE,"metanetx, bigg, seed, kegg, chebi"
fol[c],fol,MNXM617,MNXM617[c],c,TRUE,MetanetX conversion,FALSE,"metanetx, bigg, seed, kegg, chebi"
mecfsp[c],mecfsp,MNXM148349,MNXM148349[c],c,TRUE,MetanetX conversion,FALSE,"metanetx, bigg"
dmpp[c],dmpp,MNXM132,MNXM132[c],c,TRUE,MetanetX conversion,FALSE,"metanetx, bigg, seed, kegg, chebi"
met__L[c],met__L,MNXM738803,MNXM738803[c],c,TRUE,MetanetX conversion,FALSE,"metanetx, bigg, seed, kegg, chebi"
for[c],for,MNXM39,MNXM39[c],c,TRUE,MetanetX conversion,FALSE,"metanetx, bigg, seed, kegg, chebi"
dnad[c],dnad,MNXM309,MNXM309[c],c,TRUE,MetanetX conversion,FALSE,"metanetx, bigg, seed, kegg, chebi"
methf[c],methf,MNXM511,MNXM511[c],c,TRUE,MetanetX conversion,FALSE,"metanetx, bigg, seed, kegg, chebi"
dpcoa[c],dpcoa,MNXM481,MNXM481[c],c,TRUE,MetanetX conversion,FALSE,"metanetx, bigg, seed, kegg, chebi"
forglu[c],forglu,MNXM496,MNXM496[c],c,TRUE,MetanetX conversion,FALSE,"metanetx, bigg, seed, kegg, chebi"
mettrna[c],mettrna,MNXM741321,MNXM741321[c],c,TRUE,MetanetX conversion,FALSE,"metanetx, bigg, seed, kegg"
fpram[c],fpram,MNXM479745,MNXM479745[c],c,TRUE,MetanetX conversion,FALSE,"metanetx, bigg, chebi"
dscl[c],dscl,MNXM739347,MNXM739347[c],c,TRUE,MetanetX conversion,FALSE,"metanetx, bigg, seed, kegg, chebi"
mg2[c],mg2,MNXM653,MNXM653[c],c,TRUE,MetanetX conversion,FALSE,"metanetx, bigg, seed, kegg, chebi"
dtdp[c],dtdp,MNXM152,MNXM152[c],c,TRUE,MetanetX conversion,FALSE,"metanetx, bigg, seed, kegg, chebi"
fprica[c],fprica,MNXM736424,MNXM736424[c],c,TRUE,MetanetX conversion,FALSE,"metanetx, bigg, seed, kegg, chebi"
mlthf[c],mlthf,MNXM183,MNXM183[c],c,TRUE,MetanetX conversion,FALSE,"metanetx, bigg, kegg, chebi"
frdp[c],frdp,MNXM34,MNXM34[c],c,TRUE,MetanetX conversion,FALSE,"metanetx, bigg, seed, kegg, chebi"
dtdp4d6dg[c],dtdp4d6dg,MNXM451,MNXM451[c],c,TRUE,MetanetX conversion,FALSE,"metanetx, bigg, seed, kegg, chebi"
mn2[c],mn2,MNXM2255,MNXM2255[c],c,TRUE,MetanetX conversion,FALSE,"metanetx, bigg, seed, kegg, chebi"
dtdp4d6dm[c],dtdp4d6dm,MNXM2371,MNXM2371[c],c,TRUE,MetanetX conversion,FALSE,"metanetx, bigg, seed, kegg, chebi"
dtdpglu[c],dtdpglu,MNXM728217,MNXM728217[c],c,TRUE,MetanetX conversion,FALSE,"metanetx, bigg, seed, kegg, chebi"
dtdprmn[c],dtdprmn,MNXM899,MNXM899[c],c,TRUE,MetanetX conversion,FALSE,"metanetx, bigg, seed, kegg, chebi"
frmd[c],frmd,MNXM1231,MNXM1231[c],c,TRUE,MetanetX conversion,FALSE,"metanetx, bigg, seed, kegg, chebi"
fru[c],fru,MNXM175,MNXM175[c],c,TRUE,MetanetX conversion,FALSE,"metanetx, bigg, seed, kegg, chebi"
mobd[c],mobd,MNXM726090,MNXM726090[c],c,TRUE,MetanetX conversion,FALSE,"metanetx, bigg, seed, kegg, chebi"
fum[c],fum,MNXM93,MNXM93[c],c,TRUE,MetanetX conversion,FALSE,"metanetx, bigg, seed, kegg, chebi"
g1p[c],g1p,MNXM89588,MNXM89588[c],c,TRUE,MetanetX conversion,FALSE,"metanetx, bigg, seed, kegg, chebi"
dtmp[c],dtmp,MNXM257,MNXM257[c],c,TRUE,MetanetX conversion,FALSE,"metanetx, bigg, seed, kegg, chebi"
mql8[c],mql8,MNXM1369676,MNXM1369676[c],c,TRUE,MetanetX conversion,FALSE,"metanetx, bigg, seed, chebi"
dttp[c],dttp,MNXM394,MNXM394[c],c,TRUE,MetanetX conversion,FALSE,"metanetx, bigg, seed, kegg, chebi"
g3p[c],g3p,MNXM74,MNXM74[c],c,TRUE,MetanetX conversion,FALSE,"metanetx, bigg, seed, kegg, chebi"
mqn8[c],mqn8,MNXM1371034,MNXM1371034[c],c,TRUE,MetanetX conversion,FALSE,"metanetx, bigg, seed, chebi"
g3pc[c],g3pc,MNXM1370176,MNXM1370176[c],c,TRUE,MetanetX conversion,FALSE,"metanetx, bigg, seed, kegg, chebi"
dudp[c],dudp,MNXM572,MNXM572[c],c,TRUE,MetanetX conversion,FALSE,"metanetx, bigg, seed, kegg, chebi"
mthgxl[c],mthgxl,MNXM310,MNXM310[c],c,TRUE,MetanetX conversion,FALSE,"metanetx, bigg, seed, kegg, chebi"
dump[c],dump,MNXM234,MNXM234[c],c,TRUE,MetanetX conversion,FALSE,"metanetx, bigg, seed, kegg, chebi"
g3pe[c],g3pe,MNXM734941,MNXM734941[c],c,TRUE,MetanetX conversion,FALSE,"metanetx, bigg, seed, kegg, chebi"
mththf[c],mththf,MNXM30887,MNXM30887[c],c,TRUE,MetanetX conversion,FALSE,"metanetx, bigg, kegg, chebi"
g3pg[c],g3pg,MNXM598,MNXM598[c],c,TRUE,MetanetX conversion,FALSE,"metanetx, bigg, seed, kegg, chebi"
duri[c],duri,MNXM492,MNXM492[c],c,TRUE,MetanetX conversion,FALSE,"metanetx, bigg, seed, kegg, chebi"
myrsACP[c],myrsACP,MNXM89779,MNXM89779[c],c,TRUE,MetanetX conversion,FALSE,"metanetx, bigg"
dutp[c],dutp,MNXM452,MNXM452[c],c,TRUE,MetanetX conversion,FALSE,"metanetx, bigg, seed, kegg, chebi"
g6p[c],g6p,MNXM160,MNXM160[c],c,TRUE,MetanetX conversion,FALSE,"metanetx, bigg, seed, kegg, chebi"
n2[c],n2,MNXM739757,MNXM739757[c],c,TRUE,MetanetX conversion,FALSE,"metanetx, bigg, seed, kegg, chebi"
dxyl5p[c],dxyl5p,MNXM622,MNXM622[c],c,TRUE,MetanetX conversion,FALSE,"metanetx, bigg, seed, kegg, chebi"
gal[c],gal,MNXM735266,MNXM735266[c],c,TRUE,MetanetX conversion,FALSE,"metanetx, bigg, seed, kegg, chebi"
na1[c],na1,MNXM27,MNXM27[c],c,TRUE,MetanetX conversion,FALSE,"metanetx, bigg, seed, kegg, chebi"
galct__D[c],galct__D,MNXM726573,MNXM726573[c],c,TRUE,MetanetX conversion,FALSE,"metanetx, bigg, seed, kegg, chebi"
e4p[c],e4p,MNXM258,MNXM258[c],c,TRUE,MetanetX conversion,FALSE,"metanetx, bigg, seed, kegg, chebi"
eig3p[c],eig3p,MNXM1422,MNXM1422[c],c,TRUE,MetanetX conversion,FALSE,"metanetx, bigg, seed, kegg, chebi"
nac[c],nac,MNXM274,MNXM274[c],c,TRUE,MetanetX conversion,FALSE,"metanetx, bigg, seed, kegg, chebi"
etha[c],etha,MNXM218,MNXM218[c],c,TRUE,MetanetX conversion,FALSE,"metanetx, bigg, seed, kegg, chebi"
galctn__D[c],galctn__D,MNXM1734,MNXM1734[c],c,TRUE,MetanetX conversion,FALSE,"metanetx, bigg, seed, kegg, chebi"
nad[c],nad,MNXM8,MNXM8[c],c,TRUE,MetanetX conversion,FALSE,"metanetx, bigg, seed, kegg, chebi"
galur[c],galur,MNXM48464,MNXM48464[c],c,TRUE,MetanetX conversion,FALSE,"metanetx, bigg, seed, kegg, chebi"
etoh[c],etoh,MNXM733717,MNXM733717[c],c,TRUE,MetanetX conversion,FALSE,"metanetx, bigg, seed, kegg, chebi"
nadh[c],nadh,MNXM10,MNXM10[c],c,TRUE,MetanetX conversion,FALSE,"metanetx, bigg, seed, kegg, chebi"
f1p[c],f1p,MNXM145568,MNXM145568[c],c,TRUE,MetanetX conversion,FALSE,"metanetx, bigg, seed, kegg, chebi"
gam1p[c],gam1p,MNXM969,MNXM969[c],c,TRUE,MetanetX conversion,FALSE,"metanetx, bigg, seed, kegg, chebi"
nadp[c],nadp,MNXM5,MNXM5[c],c,TRUE,MetanetX conversion,FALSE,"metanetx, bigg, seed, kegg, chebi"
gam6p[c],gam6p,MNXM370,MNXM370[c],c,TRUE,MetanetX conversion,FALSE,"metanetx, bigg, seed, kegg, chebi"
gar[c],gar,MNXM463,MNXM463[c],c,TRUE,MetanetX conversion,FALSE,"metanetx, bigg, seed, kegg, chebi"
f6p[c],f6p,MNXM89621,MNXM89621[c],c,TRUE,MetanetX conversion,FALSE,"metanetx, bigg, seed, kegg, chebi"
nadph[c],nadph,MNXM738702,MNXM738702[c],c,TRUE,MetanetX conversion,FALSE,"metanetx, bigg, seed, kegg, chebi"
fad[c],fad,MNXM33,MNXM33[c],c,TRUE,MetanetX conversion,FALSE,"metanetx, bigg, seed, kegg, chebi"
gcald[c],gcald,MNXM734589,MNXM734589[c],c,TRUE,MetanetX conversion,FALSE,"metanetx, bigg, seed, kegg, chebi"
ncam[c],ncam,MNXM216,MNXM216[c],c,TRUE,MetanetX conversion,FALSE,"metanetx, bigg, seed, kegg, chebi"
fdp[c],fdp,MNXM417,MNXM417[c],c,TRUE,MetanetX conversion,FALSE,"metanetx, bigg, seed, kegg, chebi"
nh4[c],nh4,MNXM729302,MNXM729302[c],c,TRUE,MetanetX conversion,FALSE,"metanetx, bigg, seed, kegg, chebi"
gdp[c],gdp,MNXM30,MNXM30[c],c,TRUE,MetanetX conversion,FALSE,"metanetx, bigg, seed, kegg, chebi"
ni2[c],ni2,MNXM3673,MNXM3673[c],c,TRUE,MetanetX conversion,FALSE,"metanetx, bigg, seed, kegg, chebi"
gdpmann[c],gdpmann,MNXM82,MNXM82[c],c,TRUE,MetanetX conversion,FALSE,"metanetx, bigg, seed, kegg, chebi"
gdptp[c],gdptp,MNXM1561,MNXM1561[c],c,TRUE,MetanetX conversion,FALSE,"metanetx, bigg, seed, kegg, chebi"
nicrnt[c],nicrnt,MNXM732154,MNXM732154[c],c,TRUE,MetanetX conversion,FALSE,"metanetx, bigg, seed, kegg, chebi"
no2[c],no2,MNXM107,MNXM107[c],c,TRUE,MetanetX conversion,FALSE,"metanetx, bigg, seed, kegg, chebi"
no3[c],no3,MNXM732398,MNXM732398[c],c,TRUE,MetanetX conversion,FALSE,"metanetx, bigg, seed, kegg, chebi"
ggdp[c],ggdp,MNXM728266,MNXM728266[c],c,TRUE,MetanetX conversion,FALSE,"metanetx, bigg, seed, kegg, chebi"
o2[c],o2,MNXM735437,MNXM735437[c],c,TRUE,MetanetX conversion,FALSE,"metanetx, bigg, seed, kegg, chebi"
o2s[c],o2s,MNXM330,MNXM330[c],c,TRUE,MetanetX conversion,FALSE,"metanetx, bigg, kegg, chebi"
glc__D[c],glc__D,MNXM735623,MNXM735623[c],c,TRUE,MetanetX conversion,FALSE,"metanetx, bigg, seed, kegg, chebi"
glcn[c],glcn,MNXM341,MNXM341[c],c,TRUE,MetanetX conversion,FALSE,"metanetx, bigg, seed, kegg, chebi"
pran[c],pran,MNXM1489,MNXM1489[c],c,TRUE,MetanetX conversion,FALSE,"metanetx, bigg, seed, kegg, chebi"
oaa[c],oaa,MNXM46,MNXM46[c],c,TRUE,MetanetX conversion,FALSE,"metanetx, bigg, seed, kegg, chebi"
glcr[c],glcr,MNXM744,MNXM744[c],c,TRUE,MetanetX conversion,FALSE,"metanetx, bigg, seed, kegg, chebi"
ocACP[c],ocACP,MNXM90185,MNXM90185[c],c,TRUE,MetanetX conversion,FALSE,"metanetx, bigg"
glcur[c],glcur,MNXM1102441,MNXM1102441[c],c,TRUE,MetanetX conversion,FALSE,"metanetx, bigg, seed, kegg, chebi"
prbamp[c],prbamp,MNXM729421,MNXM729421[c],c,TRUE,MetanetX conversion,FALSE,"metanetx, bigg, seed, kegg, chebi"
ocdca[c],ocdca,MNXM236,MNXM236[c],c,TRUE,MetanetX conversion,FALSE,"metanetx, bigg, seed, kegg, chebi"
prbatp[c],prbatp,MNXM728133,MNXM728133[c],c,TRUE,MetanetX conversion,FALSE,"metanetx, bigg, seed, kegg, chebi"
gln__L[c],gln__L,MNXM37,MNXM37[c],c,TRUE,MetanetX conversion,FALSE,"metanetx, bigg, seed, kegg, chebi"
ocdcaACP[c],ocdcaACP,MNXM3075,MNXM3075[c],c,TRUE,MetanetX conversion,FALSE,"metanetx, bigg"
glu__D[c],glu__D,MNXM331,MNXM331[c],c,TRUE,MetanetX conversion,FALSE,"metanetx, bigg, seed, kegg, chebi"
pre3a[c],pre3a,MNXM1367585,MNXM1367585[c],c,TRUE,MetanetX conversion,FALSE,"metanetx, bigg, seed, kegg, chebi"
glu__L[c],glu__L,MNXM741172,MNXM741172[c],c,TRUE,MetanetX conversion,FALSE,"metanetx, bigg, seed, kegg, chebi"
octdp[c],octdp,MNXM1373575,MNXM1373575[c],c,TRUE,MetanetX conversion,FALSE,"metanetx, bigg, seed, kegg, chebi"
glu1sa[c],glu1sa,MNXM1453,MNXM1453[c],c,TRUE,MetanetX conversion,FALSE,"metanetx, bigg, seed, kegg, chebi"
octeACP[c],octeACP,MNXM89950,MNXM89950[c],c,TRUE,MetanetX conversion,FALSE,"metanetx, bigg"
glu5p[c],glu5p,MNXM1280,MNXM1280[c],c,TRUE,MetanetX conversion,FALSE,"metanetx, bigg, seed, kegg, chebi"
pre3b[c],pre3b,MNXM1367604,MNXM1367604[c],c,TRUE,MetanetX conversion,FALSE,"metanetx, bigg, seed, kegg, chebi"
orn[c],orn,MNXM741174,MNXM741174[c],c,TRUE,MetanetX conversion,FALSE,"metanetx, bigg, seed, kegg, chebi"
pre4[c],pre4,MNXM1368634,MNXM1368634[c],c,TRUE,MetanetX conversion,FALSE,"metanetx, bigg, seed, kegg, chebi"
glu5sa[c],glu5sa,MNXM1093051,MNXM1093051[c],c,TRUE,MetanetX conversion,FALSE,"metanetx, bigg, seed, kegg, chebi"
orot[c],orot,MNXM235,MNXM235[c],c,TRUE,MetanetX conversion,FALSE,"metanetx, bigg, seed, kegg, chebi"
glutrna[c],glutrna,MNXM89752,MNXM89752[c],c,TRUE,MetanetX conversion,FALSE,"metanetx, bigg, seed, kegg, chebi"
pre5[c],pre5,MNXM729931,MNXM729931[c],c,TRUE,MetanetX conversion,FALSE,"metanetx, bigg, seed, kegg, chebi"
orot5p[c],orot5p,MNXM519,MNXM519[c],c,TRUE,MetanetX conversion,FALSE,"metanetx, bigg, seed, kegg, chebi"
pre6a[c],pre6a,MNXM1368835,MNXM1368835[c],c,TRUE,MetanetX conversion,FALSE,"metanetx, bigg, seed, kegg, chebi"
glx[c],glx,MNXM69,MNXM69[c],c,TRUE,MetanetX conversion,FALSE,"metanetx, bigg, seed, kegg, chebi"
pa120[c],pa120,MNXM90509,MNXM90509[c],c,TRUE,MetanetX conversion,FALSE,"metanetx, bigg, seed"
gly[c],gly,MNXM29,MNXM29[c],c,TRUE,MetanetX conversion,FALSE,"metanetx, bigg, seed, kegg, chebi"
pre6b[c],pre6b,MNXM729283,MNXM729283[c],c,TRUE,MetanetX conversion,FALSE,"metanetx, bigg, seed, kegg, chebi"
pa140[c],pa140,MNXM737414,MNXM737414[c],c,TRUE,MetanetX conversion,FALSE,"metanetx, bigg, seed, chebi"
pre8[c],pre8,MNXM729938,MNXM729938[c],c,TRUE,MetanetX conversion,FALSE,"metanetx, bigg, seed, kegg, chebi"
prfp[c],prfp,MNXM1397,MNXM1397[c],c,TRUE,MetanetX conversion,FALSE,"metanetx, bigg, seed, kegg, chebi"
glyb[c],glyb,MNXM289,MNXM289[c],c,TRUE,MetanetX conversion,FALSE,"metanetx, bigg, seed, kegg, chebi"
pa160[c],pa160,MNXM731668,MNXM731668[c],c,TRUE,MetanetX conversion,FALSE,"metanetx, bigg, seed, chebi"
glyc[c],glyc,MNXM89612,MNXM89612[c],c,TRUE,MetanetX conversion,FALSE,"metanetx, bigg, seed, kegg, chebi"
glyc__R[c],glyc__R,MNXM189,MNXM189[c],c,TRUE,MetanetX conversion,FALSE,"metanetx, bigg, seed, kegg, chebi"
prlp[c],prlp,MNXM1408,MNXM1408[c],c,TRUE,MetanetX conversion,FALSE,"metanetx, bigg, seed, kegg, chebi"
pa161[c],pa161,MNXM90510,MNXM90510[c],c,TRUE,MetanetX conversion,FALSE,"metanetx, bigg, seed"
pro__L[c],pro__L,MNXM114,MNXM114[c],c,TRUE,MetanetX conversion,FALSE,"metanetx, bigg, seed, kegg, chebi"
glyc3p[c],glyc3p,MNXM66,MNXM66[c],c,TRUE,MetanetX conversion,FALSE,"metanetx, bigg, seed, kegg, chebi"
pa180[c],pa180,MNXM737489,MNXM737489[c],c,TRUE,MetanetX conversion,FALSE,"metanetx, bigg, seed, chebi"
gmp[c],gmp,MNXM113,MNXM113[c],c,TRUE,MetanetX conversion,FALSE,"metanetx, bigg, seed, kegg, chebi"
prpp[c],prpp,MNXM91,MNXM91[c],c,TRUE,MetanetX conversion,FALSE,"metanetx, bigg, seed, kegg, chebi"
pa181[c],pa181,MNXM90511,MNXM90511[c],c,TRUE,MetanetX conversion,FALSE,"metanetx, bigg, seed"
ps120[c],ps120,MNXM7659,MNXM7659[c],c,TRUE,MetanetX conversion,FALSE,"metanetx, bigg"
grdp[c],grdp,MNXM100,MNXM100[c],c,TRUE,MetanetX conversion,FALSE,"metanetx, bigg, seed, kegg, chebi"
palmACP[c],palmACP,MNXM2026,MNXM2026[c],c,TRUE,MetanetX conversion,FALSE,"metanetx, bigg"
gsn[c],gsn,MNXM401,MNXM401[c],c,TRUE,MetanetX conversion,FALSE,"metanetx, bigg, seed, kegg, chebi"
gtp[c],gtp,MNXM51,MNXM51[c],c,TRUE,MetanetX conversion,FALSE,"metanetx, bigg, seed, kegg, chebi"
ps140[c],ps140,MNXM7665,MNXM7665[c],c,TRUE,MetanetX conversion,FALSE,"metanetx, bigg"
ps160[c],ps160,MNXM734047,MNXM734047[c],c,TRUE,MetanetX conversion,FALSE,"metanetx, bigg, seed, chebi"
pan4p[c],pan4p,MNXM373,MNXM373[c],c,TRUE,MetanetX conversion,FALSE,"metanetx, bigg, seed, kegg, chebi"
ps161[c],ps161,MNXM7660,MNXM7660[c],c,TRUE,MetanetX conversion,FALSE,"metanetx, bigg"
gua[c],gua,MNXM733114,MNXM733114[c],c,TRUE,MetanetX conversion,FALSE,"metanetx, bigg, seed, kegg, chebi"
pant__R[c],pant__R,MNXM593,MNXM593[c],c,TRUE,MetanetX conversion,FALSE,"metanetx, bigg, seed, kegg, chebi"
h[c],h,MNXM1,MNXM1[c],c,TRUE,MetanetX conversion,FALSE,"metanetx, bigg, seed, kegg, chebi"
ps180[c],ps180,MNXM740000,MNXM740000[c],c,TRUE,MetanetX conversion,FALSE,"metanetx, bigg, seed, chebi"
pap[c],pap,MNXM45,MNXM45[c],c,TRUE,MetanetX conversion,FALSE,"metanetx, bigg, seed, kegg, chebi"
ps181[c],ps181,MNXM7662,MNXM7662[c],c,TRUE,MetanetX conversion,FALSE,"metanetx, bigg"
h2[c],h2,MNXM195,MNXM195[c],c,TRUE,MetanetX conversion,FALSE,"metanetx, bigg, seed, kegg, chebi"
pser__L[c],pser__L,MNXM1107213,MNXM1107213[c],c,TRUE,MetanetX conversion,FALSE,"metanetx, bigg, seed, kegg, chebi"
pdx5p[c],pdx5p,MNXM454,MNXM454[c],c,TRUE,MetanetX conversion,FALSE,"metanetx, bigg, seed, kegg, chebi"
ptrc[c],ptrc,MNXM118,MNXM118[c],c,TRUE,MetanetX conversion,FALSE,"metanetx, bigg, seed, kegg, chebi"
h2mb4p[c],h2mb4p,MNXM1371512,MNXM1371512[c],c,TRUE,MetanetX conversion,FALSE,"metanetx, bigg, seed, kegg, chebi"
h2o[c],h2o,MNXM2,MNXM2[c],c,TRUE,MetanetX conversion,FALSE,"metanetx, bigg, seed, kegg, chebi"
pe120[c],pe120,MNXM733471,MNXM733471[c],c,TRUE,MetanetX conversion,FALSE,"metanetx, bigg"
h2o2[c],h2o2,MNXM732619,MNXM732619[c],c,TRUE,MetanetX conversion,FALSE,"metanetx, bigg, seed, kegg, chebi"
pe140[c],pe140,MNXM733473,MNXM733473[c],c,TRUE,MetanetX conversion,FALSE,"metanetx, bigg"
h2s[c],h2s,MNXM89582,MNXM89582[c],c,TRUE,MetanetX conversion,FALSE,"metanetx, bigg, seed, kegg, chebi"
pydx5p[c],pydx5p,MNXM161,MNXM161[c],c,TRUE,MetanetX conversion,FALSE,"metanetx, bigg, seed, kegg, chebi"
pe160[c],pe160,MNXM32178,MNXM32178[c],c,TRUE,MetanetX conversion,FALSE,"metanetx, bigg, seed, chebi"
pydxn[c],pydxn,MNXM419,MNXM419[c],c,TRUE,MetanetX conversion,FALSE,"metanetx, bigg, seed, kegg, chebi"
pyr[c],pyr,MNXM23,MNXM23[c],c,TRUE,MetanetX conversion,FALSE,"metanetx, bigg, seed, kegg, chebi"
pe161[c],pe161,MNXM739592,MNXM739592[c],c,TRUE,MetanetX conversion,FALSE,"metanetx, bigg, seed"
quln[c],quln,MNXM555,MNXM555[c],c,TRUE,MetanetX conversion,FALSE,"metanetx, bigg, seed, kegg, chebi"
ham[c],ham,MNXM433,MNXM433[c],c,TRUE,MetanetX conversion,FALSE,"metanetx, bigg, seed, kegg, chebi"
pe180[c],pe180,MNXM733921,MNXM733921[c],c,TRUE,MetanetX conversion,FALSE,"metanetx, bigg, seed, chebi"
hcit[c],hcit,MNXM5782,MNXM5782[c],c,TRUE,MetanetX conversion,FALSE,"metanetx, bigg"
r1p[c],r1p,MNXM295,MNXM295[c],c,TRUE,MetanetX conversion,FALSE,"metanetx, bigg, seed, kegg, chebi"
pe181[c],pe181,MNXM2150,MNXM2150[c],c,TRUE,MetanetX conversion,FALSE,"metanetx, bigg"
r5p[c],r5p,MNXM15900,MNXM15900[c],c,TRUE,MetanetX conversion,FALSE,"metanetx, bigg, seed, kegg, chebi"
hco3[c],hco3,MNXM1094693,MNXM1094693[c],c,TRUE,MetanetX conversion,FALSE,"metanetx, bigg, seed, kegg, chebi"
pep[c],pep,MNXM73,MNXM73[c],c,TRUE,MetanetX conversion,FALSE,"metanetx, bigg, seed, kegg, chebi"
hcys__L[c],hcys__L,MNXM123,MNXM123[c],c,TRUE,MetanetX conversion,FALSE,"metanetx, bigg, seed, kegg, chebi"
hdca[c],hdca,MNXM108,MNXM108[c],c,TRUE,MetanetX conversion,FALSE,"metanetx, bigg, seed, kegg, chebi"
rbl__L[c],rbl__L,MNXM685,MNXM685[c],c,TRUE,MetanetX conversion,FALSE,"metanetx, bigg, seed, kegg, chebi"
pg120[c],pg120,MNXM1771,MNXM1771[c],c,TRUE,MetanetX conversion,FALSE,"metanetx, bigg"
rdmbzi[c],rdmbzi,MNXM729592,MNXM729592[c],c,TRUE,MetanetX conversion,FALSE,"metanetx, bigg, seed, kegg, chebi"
hdeACP[c],hdeACP,MNXM89949,MNXM89949[c],c,TRUE,MetanetX conversion,FALSE,"metanetx, bigg"
pg140[c],pg140,MNXM737417,MNXM737417[c],c,TRUE,MetanetX conversion,FALSE,"metanetx, bigg, chebi"
hexACP[c],hexACP,MNXM90722,MNXM90722[c],c,TRUE,MetanetX conversion,FALSE,"metanetx, bigg"
rhcys[c],rhcys,MNXM731817,MNXM731817[c],c,TRUE,MetanetX conversion,FALSE,"metanetx, bigg, seed, kegg, chebi"
pg160[c],pg160,MNXM734041,MNXM734041[c],c,TRUE,MetanetX conversion,FALSE,"metanetx, bigg, seed, chebi"
rib__D[c],rib__D,MNXM732914,MNXM732914[c],c,TRUE,MetanetX conversion,FALSE,"metanetx, bigg, seed, kegg, chebi"
pg161[c],pg161,MNXM739991,MNXM739991[c],c,TRUE,MetanetX conversion,FALSE,"metanetx, bigg, seed"
ribflv[c],ribflv,MNXM270,MNXM270[c],c,TRUE,MetanetX conversion,FALSE,"metanetx, bigg, seed, kegg, chebi"
hgbyr[c],hgbyr,MNXM727803,MNXM727803[c],c,TRUE,MetanetX conversion,FALSE,"metanetx, bigg, seed, kegg, chebi"
pg180[c],pg180,MNXM75102,MNXM75102[c],c,TRUE,MetanetX conversion,FALSE,"metanetx, bigg, seed"
rml[c],rml,MNXM731755,MNXM731755[c],c,TRUE,MetanetX conversion,FALSE,"metanetx, bigg, seed, kegg, chebi"
pg181[c],pg181,MNXM731815,MNXM731815[c],c,TRUE,MetanetX conversion,FALSE,"metanetx, bigg"
rml1p[c],rml1p,MNXM1675,MNXM1675[c],c,TRUE,MetanetX conversion,FALSE,"metanetx, bigg, seed, kegg, chebi"
his__L[c],his__L,MNXM134,MNXM134[c],c,TRUE,MetanetX conversion,FALSE,"metanetx, bigg, seed, kegg, chebi"
pgp120[c],pgp120,MNXM5266,MNXM5266[c],c,TRUE,MetanetX conversion,FALSE,"metanetx, bigg"
hisp[c],hisp,MNXM1482,MNXM1482[c],c,TRUE,MetanetX conversion,FALSE,"metanetx, bigg, seed, kegg, chebi"
pgp140[c],pgp140,MNXM5272,MNXM5272[c],c,TRUE,MetanetX conversion,FALSE,"metanetx, bigg"
histd[c],histd,MNXM1281,MNXM1281[c],c,TRUE,MetanetX conversion,FALSE,"metanetx, bigg, seed, kegg, chebi"
rmn[c],rmn,MNXM733618,MNXM733618[c],c,TRUE,MetanetX conversion,FALSE,"metanetx, bigg, seed, kegg, chebi"
pgp160[c],pgp160,MNXM734044,MNXM734044[c],c,TRUE,MetanetX conversion,FALSE,"metanetx, bigg, seed"
rnam[c],rnam,MNXM1115,MNXM1115[c],c,TRUE,MetanetX conversion,FALSE,"metanetx, bigg, seed, kegg, chebi"
hmbil[c],hmbil,MNXM547,MNXM547[c],c,TRUE,MetanetX conversion,FALSE,"metanetx, bigg, seed, kegg, chebi"
hom__L[c],hom__L,MNXM353,MNXM353[c],c,TRUE,MetanetX conversion,FALSE,"metanetx, bigg, seed, kegg, chebi"
pgp161[c],pgp161,MNXM739994,MNXM739994[c],c,TRUE,MetanetX conversion,FALSE,"metanetx, bigg, seed"
hxan[c],hxan,MNXM732487,MNXM732487[c],c,TRUE,MetanetX conversion,FALSE,"metanetx, bigg, seed, kegg, chebi"
pgp180[c],pgp180,MNXM739997,MNXM739997[c],c,TRUE,MetanetX conversion,FALSE,"metanetx, bigg, seed"
iasp[c],iasp,MNXM1371470,MNXM1371470[c],c,TRUE,MetanetX conversion,FALSE,"metanetx, bigg, seed, kegg, chebi"
pgp181[c],pgp181,MNXM5269,MNXM5269[c],c,TRUE,MetanetX conversion,FALSE,"metanetx, bigg"
icit[c],icit,MNXM89661,MNXM89661[c],c,TRUE,MetanetX conversion,FALSE,"metanetx, bigg, seed, kegg, chebi"
ru5p__D[c],ru5p__D,MNXM145,MNXM145[c],c,TRUE,MetanetX conversion,FALSE,"metanetx, bigg, seed, kegg, chebi"
phe__L[c],phe__L,MNXM741663,MNXM741663[c],c,TRUE,MetanetX conversion,FALSE,"metanetx, bigg, seed, kegg, chebi"
ru5p__L[c],ru5p__L,MNXM901,MNXM901[c],c,TRUE,MetanetX conversion,FALSE,"metanetx, bigg, seed, kegg, chebi"
idp[c],idp,MNXM737254,MNXM737254[c],c,TRUE,MetanetX conversion,FALSE,"metanetx, bigg, seed, kegg, chebi"
phetrna[c],phetrna,MNXM741194,MNXM741194[c],c,TRUE,MetanetX conversion,FALSE,"metanetx, bigg, seed, kegg, chebi"
s17bp[c],s17bp,MNXM1294,MNXM1294[c],c,TRUE,MetanetX conversion,FALSE,"metanetx, bigg, seed, kegg, chebi"
ile__L[c],ile__L,MNXM231,MNXM231[c],c,TRUE,MetanetX conversion,FALSE,"metanetx, bigg, seed, kegg, chebi"
s7p[c],s7p,MNXM733314,MNXM733314[c],c,TRUE,MetanetX conversion,FALSE,"metanetx, bigg, seed, kegg, chebi"
phom[c],phom,MNXM1334,MNXM1334[c],c,TRUE,MetanetX conversion,FALSE,"metanetx, bigg, seed, kegg, chebi"
scl[c],scl,MNXM740870,MNXM740870[c],c,TRUE,MetanetX conversion,FALSE,"metanetx, bigg, seed, kegg, chebi"
iletrna[c],iletrna,MNXM741223,MNXM741223[c],c,TRUE,MetanetX conversion,FALSE,"metanetx, bigg, seed, kegg, chebi"
phpyr[c],phpyr,MNXM730221,MNXM730221[c],c,TRUE,MetanetX conversion,FALSE,"metanetx, bigg, seed, kegg, chebi"
imacp[c],imacp,MNXM1456,MNXM1456[c],c,TRUE,MetanetX conversion,FALSE,"metanetx, bigg, seed, kegg, chebi"
seln[c],seln,MNXM741485,MNXM741485[c],c,TRUE,MetanetX conversion,FALSE,"metanetx, bigg, seed, kegg, chebi"
phthr[c],phthr,MNXM759,MNXM759[c],c,TRUE,MetanetX conversion,FALSE,"metanetx, bigg, seed, kegg, chebi"
selnp[c],selnp,MNXM1339,MNXM1339[c],c,TRUE,MetanetX conversion,FALSE,"metanetx, bigg, seed, kegg, chebi"
imp[c],imp,MNXM125,MNXM125[c],c,TRUE,MetanetX conversion,FALSE,"metanetx, bigg, seed, kegg, chebi"
pi[c],pi,MNXM9,MNXM9[c],c,TRUE,MetanetX conversion,FALSE,"metanetx, bigg, seed, kegg, chebi"
indole[c],indole,MNXM735090,MNXM735090[c],c,TRUE,MetanetX conversion,FALSE,"metanetx, bigg, seed, kegg, chebi"
ins[c],ins,MNXM334,MNXM334[c],c,TRUE,MetanetX conversion,FALSE,"metanetx, bigg, seed, kegg, chebi"
ser__D[c],ser__D,MNXM694,MNXM694[c],c,TRUE,MetanetX conversion,FALSE,"metanetx, bigg, seed, kegg, chebi"
pmtcoa[c],pmtcoa,MNXM88,MNXM88[c],c,TRUE,MetanetX conversion,FALSE,"metanetx, bigg, seed, kegg, chebi"
ser__L[c],ser__L,MNXM737786,MNXM737786[c],c,TRUE,MetanetX conversion,FALSE,"metanetx, bigg, seed, kegg, chebi"
ipdp[c],ipdp,MNXM83,MNXM83[c],c,TRUE,MetanetX conversion,FALSE,"metanetx, bigg, seed, kegg, chebi"
pnto__R[c],pnto__R,MNXM364,MNXM364[c],c,TRUE,MetanetX conversion,FALSE,"metanetx, bigg, seed, kegg, chebi"
itp[c],itp,MNXM423,MNXM423[c],c,TRUE,MetanetX conversion,FALSE,"metanetx, bigg, seed, kegg, chebi"
sertrna[c],sertrna,MNXM741351,MNXM741351[c],c,TRUE,MetanetX conversion,FALSE,"metanetx, bigg, seed, kegg"
ppa[c],ppa,MNXM162260,MNXM162260[c],c,TRUE,MetanetX conversion,FALSE,"metanetx, bigg"
sheme[c],sheme,MNXM82173,MNXM82173[c],c,TRUE,MetanetX conversion,FALSE,"metanetx, bigg, seed, kegg, chebi"
k[c],k,MNXM95,MNXM95[c],c,TRUE,MetanetX conversion,FALSE,"metanetx, bigg, seed, kegg, chebi"
ppap[c],ppap,MNXM1499,MNXM1499[c],c,TRUE,MetanetX conversion,FALSE,"metanetx, bigg, seed, kegg, chebi"
lac__D[c],lac__D,MNXM285,MNXM285[c],c,TRUE,MetanetX conversion,FALSE,"metanetx, bigg, seed, kegg, chebi"
skm[c],skm,MNXM602,MNXM602[c],c,TRUE,MetanetX conversion,FALSE,"metanetx, bigg, seed, kegg, chebi"
skm5p[c],skm5p,MNXM1265,MNXM1265[c],c,TRUE,MetanetX conversion,FALSE,"metanetx, bigg, seed, kegg, chebi"
ppbng[c],ppbng,MNXM554,MNXM554[c],c,TRUE,MetanetX conversion,FALSE,"metanetx, bigg, seed, kegg, chebi"
sl26da[c],sl26da,MNXM729177,MNXM729177[c],c,TRUE,MetanetX conversion,FALSE,"metanetx, bigg, seed, kegg, chebi"
sl2a6o[c],sl2a6o,MNXM1563,MNXM1563[c],c,TRUE,MetanetX conversion,FALSE,"metanetx, bigg, seed, kegg, chebi"
lald__L[c],lald__L,MNXM732880,MNXM732880[c],c,TRUE,MetanetX conversion,FALSE,"metanetx, bigg, seed, kegg, chebi"
leu__L[c],leu__L,MNXM1106760,MNXM1106760[c],c,TRUE,MetanetX conversion,FALSE,"metanetx, bigg, seed, kegg, chebi"
ppcoa[c],ppcoa,MNXM86,MNXM86[c],c,TRUE,MetanetX conversion,FALSE,"metanetx, bigg, seed, kegg, chebi"
leutrna[c],leutrna,MNXM739504,MNXM739504[c],c,TRUE,MetanetX conversion,FALSE,"metanetx, bigg, seed, kegg, chebi"
so2[c],so2,MNXM4835,MNXM4835[c],c,TRUE,MetanetX conversion,FALSE,"metanetx, bigg, seed, kegg, chebi"
so3[c],so3,MNXM726339,MNXM726339[c],c,TRUE,MetanetX conversion,FALSE,"metanetx, bigg, seed, kegg, chebi"
pphn[c],pphn,MNXM737312,MNXM737312[c],c,TRUE,MetanetX conversion,FALSE,"metanetx, bigg, seed, kegg, chebi"
so4[c],so4,MNXM58,MNXM58[c],c,TRUE,MetanetX conversion,FALSE,"metanetx, bigg, seed, kegg, chebi"
lpro[c],lpro,MNXM998,MNXM998[c],c,TRUE,MetanetX conversion,FALSE,"metanetx, bigg, seed, kegg, chebi"
ppi[c],ppi,MNXM11,MNXM11[c],c,TRUE,MetanetX conversion,FALSE,"metanetx, bigg, seed, kegg, chebi"
spmd[c],spmd,MNXM124,MNXM124[c],c,TRUE,MetanetX conversion,FALSE,"metanetx, bigg, seed, kegg, chebi"
pppg9[c],pppg9,MNXM351,MNXM351[c],c,TRUE,MetanetX conversion,FALSE,"metanetx, bigg, seed, kegg, chebi"
stcoa[c],stcoa,MNXM733343,MNXM733343[c],c,TRUE,MetanetX conversion,FALSE,"metanetx, bigg, seed, kegg, chebi"
pppi[c],pppi,MNXM332,MNXM332[c],c,TRUE,MetanetX conversion,FALSE,"metanetx, bigg, seed, kegg, chebi"
succ[c],succ,MNXM25,MNXM25[c],c,TRUE,MetanetX conversion,FALSE,"metanetx, bigg, seed, kegg, chebi"
pram[c],pram,MNXM90003,MNXM90003[c],c,TRUE,MetanetX conversion,FALSE,"metanetx, bigg, seed, kegg, chebi"
succoa[c],succoa,MNXM92,MNXM92[c],c,TRUE,MetanetX conversion,FALSE,"metanetx, bigg, seed, kegg, chebi"
trnaser[c],trnaser,MNXM91028,MNXM91028[c],c,TRUE,MetanetX conversion,FALSE,"metanetx, bigg, seed, kegg, chebi"
suchms[c],suchms,MNXM820,MNXM820[c],c,TRUE,MetanetX conversion,FALSE,"metanetx, bigg, seed, kegg, chebi"
sucsal[c],sucsal,MNXM172,MNXM172[c],c,TRUE,MetanetX conversion,FALSE,"metanetx, bigg, seed, kegg, chebi"
t3c11vaceACP[c],t3c11vaceACP,MNXM5958,MNXM5958[c],c,TRUE,MetanetX conversion,FALSE,"metanetx, bigg, seed"
lys__L[c],lys__L,MNXM1104802,MNXM1104802[c],c,TRUE,MetanetX conversion,FALSE,"metanetx, bigg, seed, kegg, chebi"
mal__L[c],mal__L,MNXM98,MNXM98[c],c,TRUE,MetanetX conversion,FALSE,"metanetx, bigg, seed, kegg, chebi"
t3c5ddeceACP[c],t3c5ddeceACP,MNXM5959,MNXM5959[c],c,TRUE,MetanetX conversion,FALSE,"metanetx, bigg, seed"
trnaval[c],trnaval,MNXM90885,MNXM90885[c],c,TRUE,MetanetX conversion,FALSE,"metanetx, bigg, seed, kegg, chebi"
trp__L[c],trp__L,MNXM94,MNXM94[c],c,TRUE,MetanetX conversion,FALSE,"metanetx, bigg, seed, kegg, chebi"
t3c7mrseACP[c],t3c7mrseACP,MNXM5960,MNXM5960[c],c,TRUE,MetanetX conversion,FALSE,"metanetx, bigg, seed"
mg2[e],mg2,MNXM653,MNXM653[e],e,TRUE,MetanetX conversion,FALSE,"metanetx, bigg, seed, kegg, chebi"
ttdca[c],ttdca,MNXM162239,MNXM162239[c],c,TRUE,MetanetX conversion,FALSE,"metanetx, bigg"
mn2[e],mn2,MNXM2255,MNXM2255[e],e,TRUE,MetanetX conversion,FALSE,"metanetx, bigg, seed, kegg, chebi"
t3c9palmeACP[c],t3c9palmeACP,MNXM5961,MNXM5961[c],c,TRUE,MetanetX conversion,FALSE,"metanetx, bigg, seed"
tyr__L[c],tyr__L,MNXM76,MNXM76[c],c,TRUE,MetanetX conversion,FALSE,"metanetx, bigg, seed, kegg, chebi"
tag6p__D[c],tag6p__D,MNXM795,MNXM795[c],c,TRUE,MetanetX conversion,FALSE,"metanetx, bigg, seed, kegg, chebi"
mobd[e],mobd,MNXM726090,MNXM726090[e],e,TRUE,MetanetX conversion,FALSE,"metanetx, bigg, seed, kegg, chebi"
tagdp__D[c],tagdp__D,MNXM728060,MNXM728060[c],c,TRUE,MetanetX conversion,FALSE,"metanetx, bigg, seed, kegg, chebi"
uaagmda[c],uaagmda,MNXM739668,MNXM739668[c],c,TRUE,MetanetX conversion,FALSE,"metanetx, bigg, seed, kegg, chebi"
murein4p3p[e],murein4p3p,MNXM741016,MNXM741016[e],e,TRUE,MetanetX conversion,FALSE,"metanetx, bigg, seed"
uaccg[c],uaccg,MNXM731472,MNXM731472[c],c,TRUE,MetanetX conversion,FALSE,"metanetx, bigg, seed, kegg, chebi"
taur[c],taur,MNXM282,MNXM282[c],c,TRUE,MetanetX conversion,FALSE,"metanetx, bigg, seed, kegg, chebi"
uacgam[c],uacgam,MNXM736709,MNXM736709[c],c,TRUE,MetanetX conversion,FALSE,"metanetx, bigg, seed, kegg, chebi"
tdcoa[c],tdcoa,MNXM224,MNXM224[c],c,TRUE,MetanetX conversion,FALSE,"metanetx, bigg, seed, kegg, chebi"
murein4p4p[e],murein4p4p,MNXM88347,MNXM88347[e],e,TRUE,MetanetX conversion,FALSE,"metanetx, bigg, seed"
uacmam[c],uacmam,MNXM722740,MNXM722740[c],c,TRUE,MetanetX conversion,FALSE,"metanetx, bigg, seed, kegg, chebi"
murein4px4p[e],murein4px4p,MNXM737824,MNXM737824[e],e,TRUE,MetanetX conversion,FALSE,"metanetx, bigg, seed"
tddec2eACP[c],tddec2eACP,MNXM23842,MNXM23842[c],c,TRUE,MetanetX conversion,FALSE,"metanetx, bigg, seed, kegg, chebi"
uagmda[c],uagmda,MNXM732761,MNXM732761[c],c,TRUE,MetanetX conversion,FALSE,"metanetx, bigg, seed, kegg, chebi"
tdeACP[c],tdeACP,MNXM162426,MNXM162426[c],c,TRUE,MetanetX conversion,FALSE,"metanetx, bigg"
murein4px4px4p[e],murein4px4px4p,MNXM6451,MNXM6451[e],e,TRUE,MetanetX conversion,FALSE,"metanetx, bigg, seed"
uama[c],uama,MNXM732162,MNXM732162[c],c,TRUE,MetanetX conversion,FALSE,"metanetx, bigg, seed, kegg, chebi"
murein5p3p[e],murein5p3p,MNXM738662,MNXM738662[e],e,TRUE,MetanetX conversion,FALSE,"metanetx, bigg, seed"
tdec2eACP[c],tdec2eACP,MNXM733432,MNXM733432[c],c,TRUE,MetanetX conversion,FALSE,"metanetx, bigg, seed, kegg, chebi"
uamag[c],uamag,MNXM955,MNXM955[c],c,TRUE,MetanetX conversion,FALSE,"metanetx, bigg, seed, kegg, chebi"
teca_CL[c],teca_CL,MNXM148269,MNXM148269[c],c,TRUE,MetanetX conversion,FALSE,"metanetx, bigg"
murein5p4p[e],murein5p4p,MNXM738656,MNXM738656[e],e,TRUE,MetanetX conversion,FALSE,"metanetx, bigg, seed"
uamr[c],uamr,MNXM722733,MNXM722733[c],c,TRUE,MetanetX conversion,FALSE,"metanetx, bigg, seed, kegg, chebi"
murein5p5p[e],murein5p5p,MNXM88345,MNXM88345[e],e,TRUE,MetanetX conversion,FALSE,"metanetx, bigg, seed"
thdp[c],thdp,MNXM480,MNXM480[c],c,TRUE,MetanetX conversion,FALSE,"metanetx, bigg, seed, kegg, chebi"
udcpdp[c],udcpdp,MNXM5043,MNXM5043[c],c,TRUE,MetanetX conversion,FALSE,"metanetx, bigg, seed, chebi"
thex2eACP[c],thex2eACP,MNXM24502,MNXM24502[c],c,TRUE,MetanetX conversion,FALSE,"metanetx, bigg, seed, kegg, chebi"
murein5p5p5p[e],murein5p5p5p,MNXM740230,MNXM740230[e],e,TRUE,MetanetX conversion,FALSE,"metanetx, bigg, seed"
udcpp[c],udcpp,MNXM733031,MNXM733031[c],c,TRUE,MetanetX conversion,FALSE,"metanetx, bigg, seed, kegg, chebi"
murein5px3p[e],murein5px3p,MNXM5970,MNXM5970[e],e,TRUE,MetanetX conversion,FALSE,"metanetx, bigg, seed"
murein5px4p[e],murein5px4p,MNXM88338,MNXM88338[e],e,TRUE,MetanetX conversion,FALSE,"metanetx, bigg, seed"
thf[c],thf,MNXM79,MNXM79[c],c,TRUE,MetanetX conversion,FALSE,"metanetx, bigg, seed, kegg, chebi"
udp[c],udp,MNXM17,MNXM17[c],c,TRUE,MetanetX conversion,FALSE,"metanetx, bigg, seed, kegg, chebi"
thfglu[c],thfglu,MNXM723480,MNXM723480[c],c,TRUE,MetanetX conversion,FALSE,"metanetx, bigg, seed, kegg, chebi"
murein5px4px4p[e],murein5px4px4p,MNXM87121,MNXM87121[e],e,TRUE,MetanetX conversion,FALSE,"metanetx, bigg, seed"
udpg[c],udpg,MNXM739642,MNXM739642[c],c,TRUE,MetanetX conversion,FALSE,"metanetx, bigg, seed, kegg, chebi"
na1[e],na1,MNXM27,MNXM27[e],e,TRUE,MetanetX conversion,FALSE,"metanetx, bigg, seed, kegg, chebi"
thm[c],thm,MNXM730135,MNXM730135[c],c,TRUE,MetanetX conversion,FALSE,"metanetx, bigg, seed, chebi"
udpgal[c],udpgal,MNXM741191,MNXM741191[c],c,TRUE,MetanetX conversion,FALSE,"metanetx, bigg, seed, kegg, chebi"
thmmp[c],thmmp,MNXM662,MNXM662[c],c,TRUE,MetanetX conversion,FALSE,"metanetx, bigg, seed, kegg, chebi"
nh4[e],nh4,MNXM729302,MNXM729302[e],e,TRUE,MetanetX conversion,FALSE,"metanetx, bigg, seed, kegg, chebi"
udpgalfur[c],udpgalfur,MNXM2158,MNXM2158[c],c,TRUE,MetanetX conversion,FALSE,"metanetx, bigg, seed, kegg, chebi"
ni2[e],ni2,MNXM3673,MNXM3673[e],e,TRUE,MetanetX conversion,FALSE,"metanetx, bigg, seed, kegg, chebi"
thmpp[c],thmpp,MNXM256,MNXM256[c],c,TRUE,MetanetX conversion,FALSE,"metanetx, bigg, seed, kegg, chebi"
udpglcur[c],udpglcur,MNXM87,MNXM87[c],c,TRUE,MetanetX conversion,FALSE,"metanetx, bigg, seed, kegg, chebi"
thr__L[c],thr__L,MNXM142,MNXM142[c],c,TRUE,MetanetX conversion,FALSE,"metanetx, bigg, seed, kegg, chebi"
no2[e],no2,MNXM107,MNXM107[e],e,TRUE,MetanetX conversion,FALSE,"metanetx, bigg, seed, kegg, chebi"
ugmd[c],ugmd,MNXM162592,MNXM162592[c],c,TRUE,MetanetX conversion,FALSE,"metanetx, bigg, chebi"
no3[e],no3,MNXM732398,MNXM732398[e],e,TRUE,MetanetX conversion,FALSE,"metanetx, bigg, seed, kegg, chebi"
thrp[c],thrp,MNXM1492,MNXM1492[c],c,TRUE,MetanetX conversion,FALSE,"metanetx, bigg, seed, kegg, chebi"
ugmda[c],ugmda,MNXM732166,MNXM732166[c],c,TRUE,MetanetX conversion,FALSE,"metanetx, bigg, seed, kegg, chebi"
ump[c],ump,MNXM80,MNXM80[c],c,TRUE,MetanetX conversion,FALSE,"metanetx, bigg, seed, kegg, chebi"
pi[e],pi,MNXM9,MNXM9[e],e,TRUE,MetanetX conversion,FALSE,"metanetx, bigg, seed, kegg, chebi"
uppg3[c],uppg3,MNXM414,MNXM414[c],c,TRUE,MetanetX conversion,FALSE,"metanetx, bigg, seed, kegg, chebi"
tmrs2eACP[c],tmrs2eACP,MNXM24297,MNXM24297[c],c,TRUE,MetanetX conversion,FALSE,"metanetx, bigg, seed, kegg, chebi"
toct2eACP[c],toct2eACP,MNXM23766,MNXM23766[c],c,TRUE,MetanetX conversion,FALSE,"metanetx, bigg, seed, kegg"
pro__L[e],pro__L,MNXM114,MNXM114[e],e,TRUE,MetanetX conversion,FALSE,"metanetx, bigg, seed, kegg, chebi"
ura[c],ura,MNXM1369194,MNXM1369194[c],c,TRUE,MetanetX conversion,FALSE,"metanetx, bigg, seed, kegg, chebi"
ptrc[e],ptrc,MNXM118,MNXM118[e],e,TRUE,MetanetX conversion,FALSE,"metanetx, bigg, seed, kegg, chebi"
pydxn[e],pydxn,MNXM419,MNXM419[e],e,TRUE,MetanetX conversion,FALSE,"metanetx, bigg, seed, kegg, chebi"
toctd2eACP[c],toctd2eACP,MNXM2573,MNXM2573[c],c,TRUE,MetanetX conversion,FALSE,"metanetx, bigg, seed, kegg, chebi"
tpalm2eACP[c],tpalm2eACP,MNXM29072,MNXM29072[c],c,TRUE,MetanetX conversion,FALSE,"metanetx, bigg, seed, kegg, chebi"
urate[c],urate,MNXM441,MNXM441[c],c,TRUE,MetanetX conversion,FALSE,"metanetx, bigg, seed, kegg, chebi"
trdox[c],trdox,MNXM729075,MNXM729075[c],c,TRUE,MetanetX conversion,FALSE,"metanetx, bigg, seed, kegg, chebi"
pyr[e],pyr,MNXM23,MNXM23[e],e,TRUE,MetanetX conversion,FALSE,"metanetx, bigg, seed, kegg, chebi"
urcan[c],urcan,MNXM700,MNXM700[c],c,TRUE,MetanetX conversion,FALSE,"metanetx, bigg, seed, kegg, chebi"
rib__D[e],rib__D,MNXM732914,MNXM732914[e],e,TRUE,MetanetX conversion,FALSE,"metanetx, bigg, seed, kegg, chebi"
trdrd[c],trdrd,MNXM96993,MNXM96993[c],c,TRUE,MetanetX conversion,FALSE,"metanetx, bigg, seed, kegg, chebi"
urea[c],urea,MNXM117,MNXM117[c],c,TRUE,MetanetX conversion,FALSE,"metanetx, bigg, seed, kegg, chebi"
trnaglu[c],trnaglu,MNXM90886,MNXM90886[c],c,TRUE,MetanetX conversion,FALSE,"metanetx, bigg, seed, kegg, chebi"
ribflv[e],ribflv,MNXM270,MNXM270[e],e,TRUE,MetanetX conversion,FALSE,"metanetx, bigg, seed, kegg, chebi"
rmn[e],rmn,MNXM733618,MNXM733618[e],e,TRUE,MetanetX conversion,FALSE,"metanetx, bigg, seed, kegg, chebi"
uri[c],uri,MNXM288,MNXM288[c],c,TRUE,MetanetX conversion,FALSE,"metanetx, bigg, seed, kegg, chebi"
trnaile[c],trnaile,MNXM90879,MNXM90879[c],c,TRUE,MetanetX conversion,FALSE,"metanetx, bigg, seed, kegg, chebi"
utp[c],utp,MNXM121,MNXM121[c],c,TRUE,MetanetX conversion,FALSE,"metanetx, bigg, seed, kegg, chebi"
trnaleu[c],trnaleu,MNXM90880,MNXM90880[c],c,TRUE,MetanetX conversion,FALSE,"metanetx, bigg, seed, kegg, chebi"
ser__D[e],ser__D,MNXM694,MNXM694[e],e,TRUE,MetanetX conversion,FALSE,"metanetx, bigg, seed, kegg, chebi"
ser__L[e],ser__L,MNXM737786,MNXM737786[e],e,TRUE,MetanetX conversion,FALSE,"metanetx, bigg, seed, kegg, chebi"
val__L[c],val__L,MNXM199,MNXM199[c],c,TRUE,MetanetX conversion,FALSE,"metanetx, bigg, seed, kegg, chebi"
so4[e],so4,MNXM58,MNXM58[e],e,TRUE,MetanetX conversion,FALSE,"metanetx, bigg, seed, kegg, chebi"
trnamet[c],trnamet,MNXM90882,MNXM90882[c],c,TRUE,MetanetX conversion,FALSE,"metanetx, bigg, seed, kegg, chebi"
valtrna[c],valtrna,MNXM741265,MNXM741265[c],c,TRUE,MetanetX conversion,FALSE,"metanetx, bigg, seed, kegg, chebi"
trnaphe[c],trnaphe,MNXM90753,MNXM90753[c],c,TRUE,MetanetX conversion,FALSE,"metanetx, bigg, seed, kegg, chebi"
spmd[e],spmd,MNXM124,MNXM124[e],e,TRUE,MetanetX conversion,FALSE,"metanetx, bigg, seed, kegg, chebi"
xan[c],xan,MNXM174,MNXM174[c],c,TRUE,MetanetX conversion,FALSE,"metanetx, bigg, seed, kegg, chebi"
taur[e],taur,MNXM282,MNXM282[e],e,TRUE,MetanetX conversion,FALSE,"metanetx, bigg, seed, kegg, chebi"
xmp[c],xmp,MNXM733647,MNXM733647[c],c,TRUE,MetanetX conversion,FALSE,"metanetx, bigg, seed, kegg, chebi"
xtsn[c],xtsn,MNXM687,MNXM687[c],c,TRUE,MetanetX conversion,FALSE,"metanetx, bigg, seed, kegg, chebi"
thm[e],thm,MNXM730135,MNXM730135[e],e,TRUE,MetanetX conversion,FALSE,"metanetx, bigg, seed, chebi"
xu5p__D[c],xu5p__D,MNXM186,MNXM186[c],c,TRUE,MetanetX conversion,FALSE,"metanetx, bigg, seed, kegg, chebi"
trp__L[e],trp__L,MNXM94,MNXM94[e],e,TRUE,MetanetX conversion,FALSE,"metanetx, bigg, seed, kegg, chebi"
xyl__D[c],xyl__D,MNXM734573,MNXM734573[c],c,TRUE,MetanetX conversion,FALSE,"metanetx, bigg, seed, kegg, chebi"
xylu__D[c],xylu__D,MNXM597,MNXM597[c],c,TRUE,MetanetX conversion,FALSE,"metanetx, bigg, seed, kegg, chebi"
uaagmda[e],uaagmda,MNXM739668,MNXM739668[e],e,TRUE,MetanetX conversion,FALSE,"metanetx, bigg, seed, kegg, chebi"
zn2[c],zn2,MNXM729214,MNXM729214[c],c,TRUE,MetanetX conversion,FALSE,"metanetx, bigg, seed, kegg, chebi"
udcpdp[e],udcpdp,MNXM5043,MNXM5043[e],e,TRUE,MetanetX conversion,FALSE,"metanetx, bigg, seed, chebi"
ac[e],ac,MNXM26,MNXM26[e],e,TRUE,MetanetX conversion,FALSE,"metanetx, bigg, seed, kegg, chebi"
udcpp[e],udcpp,MNXM733031,MNXM733031[e],e,TRUE,MetanetX conversion,FALSE,"metanetx, bigg, seed, kegg, chebi"
ala__D[e],ala__D,MNXM156,MNXM156[e],e,TRUE,MetanetX conversion,FALSE,"metanetx, bigg, seed, kegg, chebi"
ura[e],ura,MNXM1369194,MNXM1369194[e],e,TRUE,MetanetX conversion,FALSE,"metanetx, bigg, seed, kegg, chebi"
alaala[e],alaala,MNXM739337,MNXM739337[e],e,TRUE,MetanetX conversion,FALSE,"metanetx, bigg, seed, kegg, chebi"
val__L[e],val__L,MNXM199,MNXM199[e],e,TRUE,MetanetX conversion,FALSE,"metanetx, bigg, seed, kegg, chebi"
alltn[e],alltn,MNXM738834,MNXM738834[e],e,TRUE,MetanetX conversion,FALSE,"metanetx, bigg, seed, kegg, chebi"
xan[e],xan,MNXM174,MNXM174[e],e,TRUE,MetanetX conversion,FALSE,"metanetx, bigg, seed, kegg, chebi"
arab__L[e],arab__L,MNXM91126,MNXM91126[e],e,TRUE,MetanetX conversion,FALSE,"metanetx, bigg, seed, kegg, chebi"
xyl__D[e],xyl__D,MNXM734573,MNXM734573[e],e,TRUE,MetanetX conversion,FALSE,"metanetx, bigg, seed, kegg, chebi"
araban__L[e],araban__L,MNXM148045,MNXM148045[e],e,TRUE,MetanetX conversion,FALSE,"metanetx, bigg"
zn2[e],zn2,MNXM729214,MNXM729214[e],e,TRUE,MetanetX conversion,FALSE,"metanetx, bigg, seed, kegg, chebi"
arg__L[e],arg__L,MNXM739526,MNXM739526[e],e,TRUE,MetanetX conversion,FALSE,"metanetx, bigg, seed, kegg, chebi"
asn__L[e],asn__L,MNXM147,MNXM147[e],e,TRUE,MetanetX conversion,FALSE,"metanetx, bigg, seed, kegg, chebi"
asp__L[e],asp__L,MNXM735837,MNXM735837[e],e,TRUE,MetanetX conversion,FALSE,"metanetx, bigg, seed, kegg, chebi"
btd_RR[e],btd_RR,MNXM2757,MNXM2757[e],e,TRUE,MetanetX conversion,FALSE,"metanetx, bigg"
btn[e],btn,MNXM304,MNXM304[e],e,TRUE,MetanetX conversion,FALSE,"metanetx, bigg, seed, kegg, chebi"
btoh[e],btoh,MNXM3230,MNXM3230[e],e,TRUE,MetanetX conversion,FALSE,"metanetx, bigg, seed, kegg, chebi"
but[e],but,MNXM458,MNXM458[e],e,TRUE,MetanetX conversion,FALSE,"metanetx, bigg"
ca2[e],ca2,MNXM128,MNXM128[e],e,TRUE,MetanetX conversion,FALSE,"metanetx, bigg, seed, kegg, chebi"
citr__L[e],citr__L,MNXM732470,MNXM732470[e],e,TRUE,MetanetX conversion,FALSE,"metanetx, bigg, seed, kegg, chebi"
cl[e],cl,MNXM735978,MNXM735978[e],e,TRUE,MetanetX conversion,FALSE,"metanetx, bigg, seed, kegg, chebi"
co[e],co,MNXM726637,MNXM726637[e],e,TRUE,MetanetX conversion,FALSE,"metanetx, bigg, seed, kegg, chebi"
co2[e],co2,MNXM13,MNXM13[e],e,TRUE,MetanetX conversion,FALSE,"metanetx, bigg, seed, kegg, chebi"
cobalt2[e],cobalt2,MNXM90960,MNXM90960[e],e,TRUE,MetanetX conversion,FALSE,"metanetx, bigg, seed, kegg, chebi"
csn[e],csn,MNXM761,MNXM761[e],e,TRUE,MetanetX conversion,FALSE,"metanetx, bigg, seed, kegg, chebi"
cu2[e],cu2,MNXM632,MNXM632[e],e,TRUE,MetanetX conversion,FALSE,"metanetx, bigg, seed, kegg, chebi"
cys__L[e],cys__L,MNXM738067,MNXM738067[e],e,TRUE,MetanetX conversion,FALSE,"metanetx, bigg, seed, kegg, chebi"
etoh[e],etoh,MNXM733717,MNXM733717[e],e,TRUE,MetanetX conversion,FALSE,"metanetx, bigg, seed, kegg, chebi"
fe2[e],fe2,MNXM726710,MNXM726710[e],e,TRUE,MetanetX conversion,FALSE,"metanetx, bigg, seed, kegg, chebi"
fol[e],fol,MNXM617,MNXM617[e],e,TRUE,MetanetX conversion,FALSE,"metanetx, bigg, seed, kegg, chebi"
for[e],for,MNXM39,MNXM39[e],e,TRUE,MetanetX conversion,FALSE,"metanetx, bigg, seed, kegg, chebi"
fru[e],fru,MNXM175,MNXM175[e],e,TRUE,MetanetX conversion,FALSE,"metanetx, bigg, seed, kegg, chebi"
gal[e],gal,MNXM735266,MNXM735266[e],e,TRUE,MetanetX conversion,FALSE,"metanetx, bigg, seed, kegg, chebi"
galctn__D[e],galctn__D,MNXM1734,MNXM1734[e],e,TRUE,MetanetX conversion,FALSE,"metanetx, bigg, seed, kegg, chebi"
galur[e],galur,MNXM48464,MNXM48464[e],e,TRUE,MetanetX conversion,FALSE,"metanetx, bigg, seed, kegg, chebi"
glc__D[e],glc__D,MNXM735623,MNXM735623[e],e,TRUE,MetanetX conversion,FALSE,"metanetx, bigg, seed, kegg, chebi"
glcn[e],glcn,MNXM341,MNXM341[e],e,TRUE,MetanetX conversion,FALSE,"metanetx, bigg, seed, kegg, chebi"
glcur[e],glcur,MNXM1102441,MNXM1102441[e],e,TRUE,MetanetX conversion,FALSE,"metanetx, bigg, seed, kegg, chebi"
gln__L[e],gln__L,MNXM37,MNXM37[e],e,TRUE,MetanetX conversion,FALSE,"metanetx, bigg, seed, kegg, chebi"
glu__L[e],glu__L,MNXM741172,MNXM741172[e],e,TRUE,MetanetX conversion,FALSE,"metanetx, bigg, seed, kegg, chebi"
gly[e],gly,MNXM29,MNXM29[e],e,TRUE,MetanetX conversion,FALSE,"metanetx, bigg, seed, kegg, chebi"
glyb[e],glyb,MNXM289,MNXM289[e],e,TRUE,MetanetX conversion,FALSE,"metanetx, bigg, seed, kegg, chebi"
glyc[e],glyc,MNXM89612,MNXM89612[e],e,TRUE,MetanetX conversion,FALSE,"metanetx, bigg, seed, kegg, chebi"
h[e],h,MNXM1,MNXM1[e],e,TRUE,MetanetX conversion,FALSE,"metanetx, bigg, seed, kegg, chebi"
h2[e],h2,MNXM195,MNXM195[e],e,TRUE,MetanetX conversion,FALSE,"metanetx, bigg, seed, kegg, chebi"
h2o[e],h2o,MNXM2,MNXM2[e],e,TRUE,MetanetX conversion,FALSE,"metanetx, bigg, seed, kegg, chebi"
his__L[e],his__L,MNXM134,MNXM134[e],e,TRUE,MetanetX conversion,FALSE,"metanetx, bigg, seed, kegg, chebi"
ile__L[e],ile__L,MNXM231,MNXM231[e],e,TRUE,MetanetX conversion,FALSE,"metanetx, bigg, seed, kegg, chebi"
k[e],k,MNXM95,MNXM95[e],e,TRUE,MetanetX conversion,FALSE,"metanetx, bigg, seed, kegg, chebi"
lac__D[e],lac__D,MNXM285,MNXM285[e],e,TRUE,MetanetX conversion,FALSE,"metanetx, bigg, seed, kegg, chebi"
lac__L[e],lac__L,MNXM179,MNXM179[e],e,TRUE,MetanetX conversion,FALSE,"metanetx, bigg, seed, kegg, chebi"
leu__L[e],leu__L,MNXM1106760,MNXM1106760[e],e,TRUE,MetanetX conversion,FALSE,"metanetx, bigg, seed, kegg, chebi"
lys__L[e],lys__L,MNXM1104802,MNXM1104802[e],e,TRUE,MetanetX conversion,FALSE,"metanetx, bigg, seed, kegg, chebi"
malt[e],malt,MNXM165,MNXM165[e],e,TRUE,MetanetX conversion,FALSE,"metanetx, bigg, seed, kegg, chebi"
malthx[e],malthx,MNXM728029,MNXM728029[e],e,TRUE,MetanetX conversion,FALSE,"metanetx, bigg, seed, kegg, chebi"
malttr[e],malttr,MNXM736635,MNXM736635[e],e,TRUE,MetanetX conversion,FALSE,"metanetx, bigg, seed, kegg, chebi"
man[e],man,MNXM182,MNXM182[e],e,TRUE,MetanetX conversion,FALSE,"metanetx, bigg, seed, kegg, chebi"
met__L[e],met__L,MNXM738803,MNXM738803[e],e,TRUE,MetanetX conversion,FALSE,"metanetx, bigg, seed, kegg, chebi"
